{
"__comment":"Made by Know2Good",
"textures": {
	"wood": "blocks/planks_big_oak",
	"metal": "blocks/stone",
	"particle":"items/iron_sword"
},
"elements":[
		{
		"type":"cube", //The tip
		"from":[7.5,27,7.25],
		"to":[8.5,28,8.75],
		"rotation": {"origin": [ 8, 1, 8 ], "axis": "y", "angle": -45 },
		"faces": {
			"down":{"uv":[1,1,3,2],"texture":"#metal","cull":true},
			"up":{"uv":[1,1,3,2],"texture":"#metal","cull":true},
			"north":{"uv":[1,16,16,15],"texture":"#metal","cull":true},
			"south":{"uv":[1,16,16,15],"texture":"#metal","cull":true},
			"west":{"uv":[1,16,16,15],"texture":"#metal","cull":true},
			"east":{"uv":[1,16,16,15],"texture":"#metal","cull":true}
		}
	},
	{
		"type":"cube", //The point
		"from":[7,24,7.25],
		"to":[9,27,8.75],
		"rotation": {"origin": [ 8, 1, 8 ], "axis": "y", "angle": -45 },
		"faces": {
			"down":{"uv":[1,1,3,2],"texture":"#metal","cull":true},
			"up":{"uv":[1,1,3,2],"texture":"#metal","cull":true},
			"north":{"uv":[0,1,16,4],"texture":"#metal","cull":true},
			"south":{"uv":[0,1,16,4],"texture":"#metal","cull":true},
			"west":{"uv":[0,1,16,4],"texture":"#metal","cull":true},
			"east":{"uv":[0,1,16,4],"texture":"#metal","cull":true}
		}
	},
	{
		"type":"cube", //The blade
		"from":[6.5,8,7.25],
		"to":[9.5,24,8.75],
		"rotation": {"origin": [ 8, 1, 8 ], "axis": "y", "angle": -45 },
		"faces": {
			"down":{"uv":[1,1,3,2],"texture":"#metal","cull":true},
			"up":{"uv":[1,1,3,2],"texture":"#metal","cull":true},
			"north":{"uv":[0,1,16,16],"texture":"#metal","cull":true},
			"south":{"uv":[0,1,16,16],"texture":"#metal","cull":true},
			"west":{"uv":[0,1,16,16],"texture":"#metal","cull":true},
			"east":{"uv":[0,1,16,16],"texture":"#metal","cull":true}
		}
	},
	{
		"type":"cube", //The guard
		"from":[5,7,6.5],
		"to":[11,8.6,9.5],
		"rotation": {"origin": [ 8, 1, 8 ], "axis": "y", "angle": -45 },
		"faces": {
			"down":{"uv":[1,1,6,6],"texture":"#metal","cull":true},
			"up":{"uv":[1,1,6,6],"texture":"#metal","cull":true},
			"north":{"uv":[1,0,6,6],"texture":"#metal","cull":true},
			"south":{"uv":[1,0,6,6],"texture":"#metal","cull":true},
			"west":{"uv":[1,0,4,6],"texture":"#metal","cull":true},
			"east":{"uv":[1,0,4,6],"texture":"#metal","cull":true}
		}
	},
	{
		"type":"cube", //The grip
		"from":[7,1.6,7],
		"to":[9,7.6,9],
		"rotation": {"origin": [ 8, 1, 8 ], "axis": "y", "angle": 0 },
		"faces":{
			"down":{"uv":[0,0,2,2],"texture":"#wood","cull":false},
			"up":{"uv":[0,0,2,2],"texture":"#wood","cull":false},
			"north":{"uv":[0,0,1,14],"texture":"#wood","cull":false},
			"south":{"uv":[0,0,2,14],"texture":"#wood","cull":false},
			"west":{"uv":[0,0,2,14],"texture":"#wood","cull":false},
			"east":{"uv":[0,0,2,14],"texture":"#wood","cull":false}
		}
	},
	{
		"type":"cube", //The pommel
		"from":[6.5,0,6.5],
		"to":[9.5,1.6,9.5],
		"rotation": {"origin": [ 8, 1, 8 ], "axis": "y", "angle": -45 },
		"faces": {
			"down":{"uv":[1,1,6,6],"texture":"#metal","cull":true},
			"up":{"uv":[1,1,6,6],"texture":"#metal","cull":true},
			"north":{"uv":[1,10,4,16],"texture":"#metal","cull":true},
			"south":{"uv":[1,10,4,16],"texture":"#metal","cull":true},
			"west":{"uv":[1,10,4,16],"texture":"#metal","cull":true},
			"east":{"uv":[1,10,4,16],"texture":"#metal","cull":true}
		}
	}
],
"display": {
	"thirdperson": {
		"rotation": [ 45, 90, 270 ],
		"translation": [ 0, 0.5, -1.90 ],
		"scale": [ 0.75, 0.75, 0.75 ]
	},
	"firstperson": {
		"rotation": [ 0, -90, 0 ],
		"translation": [ 2, 0, 2 ],
		"scale": [ 1.22, 1.2, 1.22 ]
	},
	"gui": {
		"rotation": [ 35, -140, -35 ],
		"translation": [ 1.8, -2.4, 0 ],
		"scale": [ 1.1, 1.1, 1.1 ]
	}
}
}