{
"__comment":"Made by Know2Good, part of the 'Default 3D™' resource pack || Official download page: http://www.planetminecraft.com/texture_pack/default-3d-2985741/ || © Know2Good. All rights reserved. ",
"textures": {
	"terrain": "blocks/snow",
	"cake": "blocks/planks_big_oak",
	"frame": "custom/wood_oak",
	"topping": "blocks/wool_colored_white",
	"cherry": "blocks/wool_colored_red",
	"chocolat": "blocks/planks_big_oak",
	"present4": "blocks/wool_colored_yellow",
	"particle":"custom/wood_oak"
},
"elements":[
	{
		"type":"cube", //Dessert detail
		"from":[9,5,7.5],
		"to":[9.5,5.5,8],
		"rotation": {"origin": [ 8, 1, 8 ], "axis": "y", "angle": 0 },
		"faces": {
			"up":{"uv":[0,0,1,1],"texture":"#chocolat","cullface":"Know2Good"},
			"down":{"uv":[0,0,1,1],"texture":"#chocolat","cullface":"Know2Good"},
			"north":{"uv":[0,0,1,1],"texture":"#chocolat","cullface":"Know2Good","rotation":180 },
			"south":{"uv":[0,0,1,1],"texture":"#chocolat","cullface":"Know2Good"},
			"west":{"uv":[0,0,1,1],"texture":"#chocolat","cullface":"Know2Good","rotation":270 },
			"east":{"uv":[0,0,1,1],"texture":"#chocolat","cullface":"Know2Good","rotation":90 }
		}
	},
	{
		"type":"cube", //Dessert detail
		"from":[7.5,5,9],
		"to":[8,5.5,9.5],
		"rotation": {"origin": [ 8, 1, 8 ], "axis": "y", "angle": 0 },
		"faces": {
			"up":{"uv":[0,0,1,1],"texture":"#chocolat","cullface":"Know2Good"},
			"down":{"uv":[0,0,1,1],"texture":"#chocolat","cullface":"Know2Good"},
			"north":{"uv":[0,0,1,1],"texture":"#chocolat","cullface":"Know2Good","rotation":180 },
			"south":{"uv":[0,0,1,1],"texture":"#chocolat","cullface":"Know2Good"},
			"west":{"uv":[0,0,1,1],"texture":"#chocolat","cullface":"Know2Good","rotation":270 },
			"east":{"uv":[0,0,1,1],"texture":"#chocolat","cullface":"Know2Good","rotation":90 }
		}
	},
	{
		"type":"cube", //Dessert detail
		"from":[8,5,6.5],
		"to":[8.5,5.5,7],
		"rotation": {"origin": [ 8, 1, 8 ], "axis": "y", "angle": 0 },
		"faces": {
			"up":{"uv":[0,0,1,1],"texture":"#chocolat","cullface":"Know2Good"},
			"down":{"uv":[0,0,1,1],"texture":"#chocolat","cullface":"Know2Good"},
			"north":{"uv":[0,0,1,1],"texture":"#chocolat","cullface":"Know2Good","rotation":180 },
			"south":{"uv":[0,0,1,1],"texture":"#chocolat","cullface":"Know2Good"},
			"west":{"uv":[0,0,1,1],"texture":"#chocolat","cullface":"Know2Good","rotation":270 },
			"east":{"uv":[0,0,1,1],"texture":"#chocolat","cullface":"Know2Good","rotation":90 }
		}
	},
	{
		"type":"cube", //Dessert detail
		"from":[9.5,5,6],
		"to":[10,5.5,6.5],
		"rotation": {"origin": [ 8, 1, 8 ], "axis": "y", "angle": 0 },
		"faces": {
			"up":{"uv":[0,0,1,1],"texture":"#chocolat","cullface":"Know2Good"},
			"down":{"uv":[0,0,1,1],"texture":"#chocolat","cullface":"Know2Good"},
			"north":{"uv":[0,0,1,1],"texture":"#chocolat","cullface":"Know2Good","rotation":180 },
			"south":{"uv":[0,0,1,1],"texture":"#chocolat","cullface":"Know2Good"},
			"west":{"uv":[0,0,1,1],"texture":"#chocolat","cullface":"Know2Good","rotation":270 },
			"east":{"uv":[0,0,1,1],"texture":"#chocolat","cullface":"Know2Good","rotation":90 }
		}
	},
	{
		"type":"cube", //Dessert detail
		"from":[9.5,5,9.5],
		"to":[10,5.5,10],
		"rotation": {"origin": [ 8, 1, 8 ], "axis": "y", "angle": 0 },
		"faces": {
			"up":{"uv":[0,0,1,1],"texture":"#chocolat","cullface":"Know2Good"},
			"down":{"uv":[0,0,1,1],"texture":"#chocolat","cullface":"Know2Good"},
			"north":{"uv":[0,0,1,1],"texture":"#chocolat","cullface":"Know2Good","rotation":180 },
			"south":{"uv":[0,0,1,1],"texture":"#chocolat","cullface":"Know2Good"},
			"west":{"uv":[0,0,1,1],"texture":"#chocolat","cullface":"Know2Good","rotation":270 },
			"east":{"uv":[0,0,1,1],"texture":"#chocolat","cullface":"Know2Good","rotation":90 }
		}
	},
	{
		"type":"cube", //Dessert detail
		"from":[6,5,9.5],
		"to":[6.5,5.5,10],
		"rotation": {"origin": [ 8, 1, 8 ], "axis": "y", "angle": 0 },
		"faces": {
			"up":{"uv":[0,0,1,1],"texture":"#chocolat","cullface":"Know2Good"},
			"down":{"uv":[0,0,1,1],"texture":"#chocolat","cullface":"Know2Good"},
			"north":{"uv":[0,0,1,1],"texture":"#chocolat","cullface":"Know2Good","rotation":180 },
			"south":{"uv":[0,0,1,1],"texture":"#chocolat","cullface":"Know2Good"},
			"west":{"uv":[0,0,1,1],"texture":"#chocolat","cullface":"Know2Good","rotation":270 },
			"east":{"uv":[0,0,1,1],"texture":"#chocolat","cullface":"Know2Good","rotation":90 }
		}
	},
	{
		"type":"cube", //Dessert detail
		"from":[6.5,5,7.5],
		"to":[7,5.5,8],
		"rotation": {"origin": [ 8, 1, 8 ], "axis": "y", "angle": 0 },
		"faces": {
			"up":{"uv":[0,0,1,1],"texture":"#chocolat","cullface":"Know2Good"},
			"down":{"uv":[0,0,1,1],"texture":"#chocolat","cullface":"Know2Good"},
			"north":{"uv":[0,0,1,1],"texture":"#chocolat","cullface":"Know2Good","rotation":180 },
			"south":{"uv":[0,0,1,1],"texture":"#chocolat","cullface":"Know2Good"},
			"west":{"uv":[0,0,1,1],"texture":"#chocolat","cullface":"Know2Good","rotation":270 },
			"east":{"uv":[0,0,1,1],"texture":"#chocolat","cullface":"Know2Good","rotation":90 }
		}
	},
	{
		"type":"cube", //Dessert detail
		"from":[6,5,6],
		"to":[6.5,5.5,6.5],
		"rotation": {"origin": [ 8, 1, 8 ], "axis": "y", "angle": 0 },
		"faces": {
			"up":{"uv":[0,0,1,1],"texture":"#chocolat","cullface":"Know2Good"},
			"down":{"uv":[0,0,1,1],"texture":"#chocolat","cullface":"Know2Good"},
			"north":{"uv":[0,0,1,1],"texture":"#chocolat","cullface":"Know2Good","rotation":180 },
			"south":{"uv":[0,0,1,1],"texture":"#chocolat","cullface":"Know2Good"},
			"west":{"uv":[0,0,1,1],"texture":"#chocolat","cullface":"Know2Good","rotation":270 },
			"east":{"uv":[0,0,1,1],"texture":"#chocolat","cullface":"Know2Good","rotation":90 }
		}
	},
	{
		"type":"cube", //Dessert detail
		"from":[7.5,5,7.5],
		"to":[8.5,6,8.5],
		"rotation": {"origin": [ 8, 1, 8 ], "axis": "y", "angle": 0 },
		"faces": {
			"up":{"uv":[0,0,1,1],"texture":"#cherry","cullface":"Know2Good"},
			"down":{"uv":[0,0,1,1],"texture":"#cherry","cullface":"Know2Good"},
			"north":{"uv":[0,0,1,1],"texture":"#cherry","cullface":"Know2Good","rotation":180 },
			"south":{"uv":[0,0,1,1],"texture":"#cherry","cullface":"Know2Good"},
			"west":{"uv":[0,0,1,1],"texture":"#cherry","cullface":"Know2Good","rotation":270 },
			"east":{"uv":[0,0,1,1],"texture":"#cherry","cullface":"Know2Good","rotation":90 }
		}
	},
	{
		"type":"cube", //Dessert top
		"from":[5.5,4.5,5.5],
		"to":[10.5,5,10.5],
		"rotation": {"origin": [ 8, 1, 8 ], "axis": "y", "angle": 0 },
		"faces": {
			"up":{"uv":[6,6,11,11],"texture":"#topping","cullface":"Know2Good"},
			"down":{"uv":[6,6,11,11],"texture":"#topping","cullface":"Know2Good"},
			"north":{"uv":[6,6,11,7],"texture":"#topping","cullface":"Know2Good","rotation":180 },
			"south":{"uv":[6,10,11,11],"texture":"#topping","cullface":"Know2Good"},
			"west":{"uv":[6,6,7,11],"texture":"#topping","cullface":"Know2Good","rotation":270 },
			"east":{"uv":[10,6,11,11],"texture":"#topping","cullface":"Know2Good","rotation":90 }
		}
	},
	{
		"type":"cube", //Dessert topping
		"from":[5.5,3.5,5],
		"to":[10.5,4.498,11],
		"rotation": {"origin": [ 8, 1, 8 ], "axis": "y", "angle": 0 },
		"faces": {
			"up":{"uv":[5,5,11,11],"texture":"#topping","cullface":"Know2Good"},
			"down":{"uv":[5,5,11,11],"texture":"#topping","cullface":"Know2Good"},
			"north":{"uv":[5,5,11,6],"texture":"#topping","cullface":"Know2Good","rotation":180 },
			"south":{"uv":[5,10,11,11],"texture":"#topping","cullface":"Know2Good"},
			"west":{"uv":[5,6,6,11],"texture":"#topping","cullface":"Know2Good","rotation":270 },
			"east":{"uv":[10,6,11,11],"texture":"#topping","cullface":"Know2Good","rotation":90 }
		}
	},
	{
		"type":"cube", //Dessert topping
		"from":[5,3.5,5.5],
		"to":[11,4.5,10.5],
		"rotation": {"origin": [ 8, 1, 8 ], "axis": "y", "angle": 0 },
		"faces": {
			"up":{"uv":[5,5,11,11],"texture":"#topping","cullface":"Know2Good"},
			"down":{"uv":[5,5,11,11],"texture":"#topping","cullface":"Know2Good"},
			"north":{"uv":[5,5,11,6],"texture":"#topping","cullface":"Know2Good","rotation":180 },
			"south":{"uv":[5,10,11,11],"texture":"#topping","cullface":"Know2Good"},
			"west":{"uv":[5,6,6,11],"texture":"#topping","cullface":"Know2Good","rotation":270 },
			"east":{"uv":[10,6,11,11],"texture":"#topping","cullface":"Know2Good","rotation":90 }
		}
	},
	{
		"type":"cube", //Dessert bottom
		"from":[5.5,2,5.5],
		"to":[10.5,4,10.5],
		"rotation": {"origin": [ 8, 1, 8 ], "axis": "y", "angle": 0 },
		"faces": {
			"up":{"uv":[6,6,11,11],"texture":"#cake","cullface":"Know2Good"},
			"down":{"uv":[6,6,11,11],"texture":"#cake","cullface":"Know2Good"},
			"north":{"uv":[6,6,11,8],"texture":"#cake","cullface":"Know2Good","rotation":180 },
			"south":{"uv":[6,9,11,11],"texture":"#cake","cullface":"Know2Good"},
			"west":{"uv":[6,6,8,11],"texture":"#cake","cullface":"Know2Good","rotation":270 },
			"east":{"uv":[9,6,11,11],"texture":"#cake","cullface":"Know2Good","rotation":90 }
		}
	},
	{
		"type":"cube", //Terrain center
		"from":[4,2,4],
		"to":[12,2.002,12],
		"rotation": {"origin": [ 8, 1, 8 ], "axis": "y", "angle": 0 },
		"faces": {
			"up":{"uv":[4,4,12,12],"texture":"#terrain","cullface":"Know2Good"}
		}
	},
	{
		"type":"cube", //Frame center bottom
		"from":[4,0,4],
		"to":[12,1,12],
		"rotation": {"origin": [ 8, 1, 8 ], "axis": "y", "angle": 0 },
		"faces": {
			"down":{"uv":[4,12,12,4],"texture":"#frame","cullface":"Know2Good"},
			"north":{"uv":[4,4,12,5],"texture":"#frame","cullface":"Know2Good","rotation":180 },
			"south":{"uv":[4,11,12,12],"texture":"#frame","cullface":"Know2Good"},
			"west":{"uv":[4,4,5,12],"texture":"#frame","cullface":"Know2Good","rotation":270 },
			"east":{"uv":[11,4,12,12],"texture":"#frame","cullface":"Know2Good","rotation":90 }
		}
	},
	{
		"type":"cube", //Frame center top
		"from":[3,1,3],
		"to":[13,2,13],
		"rotation": {"origin": [ 8, 1, 8 ], "axis": "y", "angle": 0 },
		"faces": {
			"up":{"uv":[3,3,13,13],"texture":"#frame","cullface":"Know2Good"},
			"down":{"uv":[3,13,13,3],"texture":"#frame","cullface":"Know2Good"},
			"north":{"uv":[3,3,13,4],"texture":"#frame","cullface":"Know2Good","rotation":180 },
			"south":{"uv":[3,12,13,13],"texture":"#frame","cullface":"Know2Good"},
			"west":{"uv":[3,3,4,13],"texture":"#frame","cullface":"Know2Good","rotation":270 },
			"east":{"uv":[12,3,13,13],"texture":"#frame","cullface":"Know2Good","rotation":90 }
		}
	}
],
"display": {
	"thirdperson": {
		"rotation": [ 0, 0, 0 ],
		"translation": [ 0, 0, 0 ],
		"scale": [ 1, 1, 1 ]
	},
	"firstperson": {
		"rotation": [ 0, 0, 0 ],
		"translation": [ 0, 0, 0 ],
		"scale": [ 1, 1, 1 ]
	},
	"gui": {
		"rotation": [ 0, 0, 0 ],
		"translation": [ 0, 0, 0 ],
		"scale": [ 1, 1, 1 ]
	}
}
}