{
"__comment":"Made by Know2Good, part of the 'Default 3D™' resource pack || Official download page: http://www.planetminecraft.com/texture_pack/default-3d-2985741/ || © Know2Good. All rights reserved. ",
"textures": {
	"metal": "blocks/iron_block",
	"color": "blocks/wool_colored_black",
	"fuel": "custom/coal_block_lit",
	"detail": "blocks/stone",
	"particle":"blocks/iron_block"
},
"elements":[
	{
		"type":"cube", //Metal middle
		"from":[7.5,1,4.5],
		"to":[8.5,7.5,11.5],
		"rotation": {"origin": [ 8, 1, 8 ], "axis": "y", "angle": 0 },
		"faces": {
			"up":{"uv":[2,0,11,1],"texture":"#metal","cullface":"Know2Good","rotation":270},
			"west":{"uv":[2,0,11,7],"texture":"#metal","cullface":"Know2Good"},
			"east":{"uv":[2,0,11,7],"texture":"#metal","cullface":"Know2Good"}
		}
	},
	{
		"type":"cube", //Metal north
		"from":[6.5,1,3.5],
		"to":[9.5,7.5,4.5],
		"rotation": {"origin": [ 8, 1, 8 ], "axis": "y", "angle": 0 },
		"faces": {
			"up":{"uv":[5,0,8,1],"texture":"#metal","cullface":"Know2Good","rotation":270},
			"north":{"uv":[5,0,8,7],"texture":"#metal","cullface":"Know2Good"},
			"south":{"uv":[5,0,8,7],"texture":"#metal","cullface":"Know2Good"}
		}
	},
	{
		"type":"cube", //Metal east
		"from":[9.5,1,3.5],
		"to":[10.5,7.5,12.5],
		"rotation": {"origin": [ 8, 1, 8 ], "axis": "y", "angle": 0 },
		"faces": {
			"up":{"uv":[2,0,11,1],"texture":"#metal","cullface":"Know2Good","rotation":270},
			"north":{"uv":[10,0,11,7],"texture":"#metal","cullface":"Know2Good"},
			"south":{"uv":[2,0,3,7],"texture":"#metal","cullface":"Know2Good"},
			"west":{"uv":[2,0,11,7],"texture":"#metal","cullface":"Know2Good"},
			"east":{"uv":[2,0,11,7],"texture":"#metal","cullface":"Know2Good"}
		}
	},
	{
		"type":"cube", //Metal south
		"from":[6.5,1,11.5],
		"to":[9.5,7.5,12.5],
		"rotation": {"origin": [ 8, 1, 8 ], "axis": "y", "angle": 0 },
		"faces": {
			"up":{"uv":[12,0,15,1],"texture":"#metal","cullface":"Know2Good","rotation":270},
			"north":{"uv":[12,0,15,7],"texture":"#metal","cullface":"Know2Good"},
			"south":{"uv":[12,0,15,7],"texture":"#metal","cullface":"Know2Good"}
		}
	},
	{
		"type":"cube", //Metal west
		"from":[5.5,1,3.5],
		"to":[6.5,7.5,12.5],
		"rotation": {"origin": [ 8, 1, 8 ], "axis": "y", "angle": 0 },
		"faces": {
			"up":{"uv":[2,0,11,1],"texture":"#metal","cullface":"Know2Good","rotation":270},
			"north":{"uv":[10,0,11,7],"texture":"#metal","cullface":"Know2Good"},
			"south":{"uv":[2,0,3,7],"texture":"#metal","cullface":"Know2Good"},
			"west":{"uv":[2,0,11,7],"texture":"#metal","cullface":"Know2Good"},
			"east":{"uv":[2,0,11,7],"texture":"#metal","cullface":"Know2Good"}
		}
	},
	{
		"type":"cube", //Lever
		"from":[7,5.15,2.5],
		"to":[9,5.85,3.5],
		"rotation": {"origin": [ 8, 1, 8 ], "axis": "y", "angle": 0 },
		"faces": {
			"down":{"uv":[0,0,2,1],"texture":"#detail","cullface":"Know2Good","rotation":180},
			"up":{"uv":[0,0,2,1],"texture":"#detail","cullface":"Know2Good","rotation":180},
			"north":{"uv":[0,0,2,1],"texture":"#detail","cullface":"Know2Good"},
			"west":{"uv":[1,0,2,1],"texture":"#detail","cullface":"Know2Good"},
			"east":{"uv":[0,0,1,1],"texture":"#detail","cullface":"Know2Good"}
		}
	},
	{
		"type":"cube", //Nob
		"from":[7.5,2.8,3],
		"to":[8.5,3.8,3.5],
		"rotation": {"origin": [ 8, 1, 8 ], "axis": "y", "angle": 0 },
		"faces": {
			"down":{"uv":[1,0,2,1],"texture":"#detail","cullface":"Know2Good"},
			"up":{"uv":[1,0,2,1],"texture":"#detail","cullface":"Know2Good"},
			"north":{"uv":[1,0,2,1],"texture":"#detail","cullface":"Know2Good","rotation":180},
			"west":{"uv":[1,0,2,1],"texture":"#detail","cullface":"Know2Good"},
			"east":{"uv":[1,0,2,1],"texture":"#detail","cullface":"Know2Good"}
		}
	},
	{
		"type":"cube", //Bottom metal
		"from":[6,2.1,4],
		"to":[10,2.1,12],
		"rotation": {"origin": [ 8, 1, 8 ], "axis": "y", "angle": 0 },
		"faces": {
			"up":{"uv":[6,4,10,12],"texture":"#fuel","cullface":"Know2Good"}
		}
	},
	{
		"type":"cube", //Leg north-west
		"from":[6,0,4],
		"to":[7,1,5],
		"rotation": {"origin": [ 8, 1, 8 ], "axis": "y", "angle": 0 },
		"faces": {
			"down":{"uv":[6,4,7,5],"texture":"#detail","cullface":"Know2Good"},
			"north":{"uv":[6,4,7,5],"texture":"#detail","cullface":"Know2Good","rotation":180},
			"south":{"uv":[6,4,7,5],"texture":"#detail","cullface":"Know2Good"},
			"west":{"uv":[6,4,7,5],"texture":"#detail","cullface":"Know2Good","rotation":270},
			"east":{"uv":[6,4,7,5],"texture":"#detail","cullface":"Know2Good","rotation":90}
		}
	},
	{
		"type":"cube", //Leg north-east
		"from":[9,0,4],
		"to":[10,1,5],
		"rotation": {"origin": [ 8, 1, 8 ], "axis": "y", "angle": 0 },
		"faces": {
			"down":{"uv":[9,4,10,5],"texture":"#detail","cullface":"Know2Good"},
			"north":{"uv":[9,4,10,5],"texture":"#detail","cullface":"Know2Good","rotation":180},
			"south":{"uv":[9,4,10,5],"texture":"#detail","cullface":"Know2Good"},
			"west":{"uv":[9,4,10,5],"texture":"#detail","cullface":"Know2Good","rotation":270},
			"east":{"uv":[9,4,10,5],"texture":"#detail","cullface":"Know2Good","rotation":90}
		}
	},
	{
		"type":"cube", //Leg south-east
		"from":[9,0,11],
		"to":[10,1,12],
		"rotation": {"origin": [ 8, 1, 8 ], "axis": "y", "angle": 0 },
		"faces": {
			"down":{"uv":[9,11,10,12],"texture":"#detail","cullface":"Know2Good"},
			"north":{"uv":[9,11,10,12],"texture":"#detail","cullface":"Know2Good","rotation":180},
			"south":{"uv":[9,11,10,12],"texture":"#detail","cullface":"Know2Good"},
			"west":{"uv":[9,11,10,12],"texture":"#detail","cullface":"Know2Good","rotation":270},
			"east":{"uv":[9,11,10,12],"texture":"#detail","cullface":"Know2Good","rotation":90}
		}
	},
	{
		"type":"cube", //Leg south-west
		"from":[6,0,11],
		"to":[7,1,12],
		"rotation": {"origin": [ 8, 1, 8 ], "axis": "y", "angle": 0 },
		"faces": {
			"down":{"uv":[6,11,7,12],"texture":"#detail","cullface":"Know2Good"},
			"north":{"uv":[6,11,7,12],"texture":"#detail","cullface":"Know2Good","rotation":180},
			"south":{"uv":[6,11,7,12],"texture":"#detail","cullface":"Know2Good"},
			"west":{"uv":[6,11,7,12],"texture":"#detail","cullface":"Know2Good","rotation":270},
			"east":{"uv":[6,11,7,12],"texture":"#detail","cullface":"Know2Good","rotation":90}
		}
	},
	{
		"type":"cube", //Bottom
		"from":[5,1,3],
		"to":[11,2,13],
		"rotation": {"origin": [ 8, 1, 8 ], "axis": "y", "angle": 0 },
		"faces": {
			"down":{"uv":[11,3,5,13],"texture":"#color","cullface":"Know2Good"},
			"up":{"uv":[5,3,11,13],"texture":"#color","cullface":"Know2Good"},
			"north":{"uv":[5,3,11,4],"texture":"#color","cullface":"Know2Good","rotation":180},
			"south":{"uv":[5,12,11,13],"texture":"#color","cullface":"Know2Good"},
			"west":{"uv":[5,3,6,13],"texture":"#color","cullface":"Know2Good","rotation":270},
			"east":{"uv":[10,3,11,13],"texture":"#color","cullface":"Know2Good","rotation":90}
		}
	}
],
"display": {
	"thirdperson": {
		"rotation": [ 180, 45, 1 ],
		"translation": [ 0, -0.3, -2 ],
		"scale": [ 0.5, 0.5, 0.5 ]
	},
	"firstperson": {
		"rotation": [ 0, 0, 0 ],
		"translation": [ 0, 3, 0 ],
		"scale": [ 1.9, 1.9, 1.9 ]
	},
	"gui": {
		"rotation": [ 0, 0, 0 ],
		"translation": [ 0, 3, 0 ],
		"scale": [ 1.9, 1.9, 1.9 ]
	}
}
}