{
"__comment":"Made by Know2Good, part of the 'Default 3D™' resource pack || Official download page: http://www.planetminecraft.com/texture_pack/default-3d-2985741/ || © Know2Good. All rights reserved. ",
"ambientocclusion": false,
"textures": {
    "block": "blocks/flower_houstonia",
    "flowerpot": "blocks/flower_pot",
    "dirt": "blocks/farmland_wet",
	"particle": "blocks/flower_pot"
},
"elements":[
	{
		"type":"cube", //Stem
		"from": [7.5,4.5,7.5],
		"to": [8.5,12.5,8.5],
		"rotation": {"origin": [ 8, 1, 8 ], "axis": "y", "angle": 0 },
		"faces": {
			"down":{"uv":[7,15,8,16],"texture":"#block","cullface":down},
			"up":{"uv":[7,12,8,13],"texture":"#block","cullface":Know2Good},
			"north":{"uv":[7,12,8,16],"texture":"#block","cullface":Know2Good},
			"south":{"uv":[7,12,8,16],"texture":"#block","cullface":Know2Good},
			"west":{"uv":[7,12,8,16],"texture":"#block","cullface":Know2Good},
			"east":{"uv":[7,12,8,16],"texture":"#block","cullface":Know2Good}
		}
	},
	{
		"type":"cube", //Stem north 1
		"from": [7.5,5.5,6.5],
		"to": [8.5,9.5,7.5],
		"rotation": {"origin": [ 8, 1, 8 ], "axis": "y", "angle": 0 },
		"faces": {
			"down":{"uv":[8,14,9,15],"texture":"#block","cullface":Know2Good},
			"up":{"uv":[8,11,9,12],"texture":"#block","cullface":Know2Good},
			"north":{"uv":[8,11,9,15],"texture":"#block","cullface":Know2Good},
			"south":{"uv":[8,11,9,15],"texture":"#block","cullface":Know2Good},
			"west":{"uv":[8,11,9,15],"texture":"#block","cullface":Know2Good},
			"east":{"uv":[8,11,9,15],"texture":"#block","cullface":Know2Good}
		}
	},
	{
		"type":"cube", //Stem north 2.1
		"from": [7.5,6.5,5.5],
		"to": [8.5,7.5,6.5],
		"rotation": {"origin": [ 8, 1, 8 ], "axis": "y", "angle": 0 },
		"faces": {
			"down":{"uv":[9,13,10,14],"texture":"#block","cullface":Know2Good},
			"up":{"uv":[9,13,10,14],"texture":"#block","cullface":Know2Good},
			"north":{"uv":[9,13,10,14],"texture":"#block","cullface":Know2Good},
			"west":{"uv":[9,13,10,14],"texture":"#block","cullface":Know2Good},
			"east":{"uv":[9,13,10,14],"texture":"#block","cullface":Know2Good}
		}
	},
	{
		"type":"cube", //Stem north 2.2
		"from": [7,9.5,5.5],
		"to": [8,11.5,6.5],
		"rotation": {"origin": [ 8, 1, 8 ], "axis": "y", "angle": 0 },
		"faces": {
			"down":{"uv":[9,9,10,10],"texture":"#block","cullface":Know2Good},
			"up":{"uv":[9,10,10,11],"texture":"#block","cullface":Know2Good},
			"north":{"uv":[9,9,10,11],"texture":"#block","cullface":Know2Good},
			"south":{"uv":[9,9,10,11],"texture":"#block","cullface":Know2Good},
			"west":{"uv":[9,9,10,11],"texture":"#block","cullface":Know2Good},
			"east":{"uv":[9,9,10,11],"texture":"#block","cullface":Know2Good}
		}
	},
	{
		"type":"cube", //Stem north 3
		"from": [8,7.5,4.5],
		"to": [9,8.5,5.5],
		"rotation": {"origin": [ 8, 1, 8 ], "axis": "y", "angle": 0 },
		"faces": {
			"down":{"uv":[10,12,11,13],"texture":"#block","cullface":Know2Good},
			"up":{"uv":[10,12,11,13],"texture":"#block","cullface":Know2Good},
			"north":{"uv":[10,12,11,13],"texture":"#block","cullface":Know2Good},
			"south":{"uv":[10,12,11,13],"texture":"#block","cullface":Know2Good},
			"west":{"uv":[10,12,11,13],"texture":"#block","cullface":Know2Good},
			"east":{"uv":[10,12,11,13],"texture":"#block","cullface":Know2Good}
		}
	},
	{
		"type":"cube", //Stem east 1
		"from": [8.5,5.5,7.5],
		"to": [9.5,9.5,8.5],
		"rotation": {"origin": [ 8, 1, 8 ], "axis": "y", "angle": 0 },
		"faces": {
			"down":{"uv":[8,14,9,15],"texture":"#block","cullface":Know2Good},
			"up":{"uv":[8,11,9,12],"texture":"#block","cullface":Know2Good},
			"north":{"uv":[8,11,9,15],"texture":"#block","cullface":Know2Good},
			"south":{"uv":[8,11,9,15],"texture":"#block","cullface":Know2Good},
			"west":{"uv":[8,11,9,15],"texture":"#block","cullface":Know2Good},
			"east":{"uv":[8,11,9,15],"texture":"#block","cullface":Know2Good}
		}
	},
	{
		"type":"cube", //Stem east 2.1
		"from": [9.5,6.5,7.5],
		"to": [10.5,7.5,8.5],
		"rotation": {"origin": [ 8, 1, 8 ], "axis": "y", "angle": 0 },
		"faces": {
			"down":{"uv":[9,13,10,14],"texture":"#block","cullface":Know2Good},
			"up":{"uv":[9,13,10,14],"texture":"#block","cullface":Know2Good},
			"north":{"uv":[9,13,10,14],"texture":"#block","cullface":Know2Good},
			"south":{"uv":[9,13,10,14],"texture":"#block","cullface":Know2Good},
			"east":{"uv":[9,13,10,14],"texture":"#block","cullface":Know2Good}
		}
	},
	{
		"type":"cube", //Stem east 2.2
		"from": [9.5,9.5,7],
		"to": [10.5,11.5,8],
		"rotation": {"origin": [ 8, 1, 8 ], "axis": "y", "angle": 0 },
		"faces": {
			"down":{"uv":[9,9,10,10],"texture":"#block","cullface":Know2Good},
			"up":{"uv":[9,10,10,11],"texture":"#block","cullface":Know2Good},
			"north":{"uv":[9,9,10,11],"texture":"#block","cullface":Know2Good},
			"south":{"uv":[9,9,10,11],"texture":"#block","cullface":Know2Good},
			"west":{"uv":[9,9,10,11],"texture":"#block","cullface":Know2Good},
			"east":{"uv":[9,9,10,11],"texture":"#block","cullface":Know2Good}
		}
	},
	{
		"type":"cube", //Stem east 3
		"from": [10.5,7.5,8],
		"to": [11.5,8.5,9],
		"rotation": {"origin": [ 8, 1, 8 ], "axis": "y", "angle": 0 },
		"faces": {
			"down":{"uv":[10,12,11,13],"texture":"#block","cullface":Know2Good},
			"up":{"uv":[10,12,11,13],"texture":"#block","cullface":Know2Good},
			"north":{"uv":[10,12,11,13],"texture":"#block","cullface":Know2Good},
			"south":{"uv":[10,12,11,13],"texture":"#block","cullface":Know2Good},
			"west":{"uv":[10,12,11,13],"texture":"#block","cullface":Know2Good},
			"east":{"uv":[10,12,11,13],"texture":"#block","cullface":Know2Good}
		}
	},
	{
		"type":"cube", //Stem south 1
		"from": [7.5,5.5,8.5],
		"to": [8.5,9.5,9.5],
		"rotation": {"origin": [ 8, 1, 8 ], "axis": "y", "angle": 0 },
		"faces": {
			"down":{"uv":[8,14,9,15],"texture":"#block","cullface":Know2Good},
			"up":{"uv":[8,11,9,12],"texture":"#block","cullface":Know2Good},
			"north":{"uv":[8,11,9,15],"texture":"#block","cullface":Know2Good},
			"south":{"uv":[8,11,9,15],"texture":"#block","cullface":Know2Good},
			"west":{"uv":[8,11,9,15],"texture":"#block","cullface":Know2Good},
			"east":{"uv":[8,11,9,15],"texture":"#block","cullface":Know2Good}
		}
	},
	{
		"type":"cube", //Stem south 2.1
		"from": [7.5,6.5,9.5],
		"to": [8.5,7.5,10.5],
		"rotation": {"origin": [ 8, 1, 8 ], "axis": "y", "angle": 0 },
		"faces": {
			"down":{"uv":[9,13,10,14],"texture":"#block","cullface":Know2Good},
			"up":{"uv":[9,13,10,14],"texture":"#block","cullface":Know2Good},
			"south":{"uv":[9,13,10,14],"texture":"#block","cullface":Know2Good},
			"west":{"uv":[9,13,10,14],"texture":"#block","cullface":Know2Good},
			"east":{"uv":[9,13,10,14],"texture":"#block","cullface":Know2Good}
		}
	},
	{
		"type":"cube", //Stem south 2.2
		"from": [8,9.5,9.5],
		"to": [9,11.5,10.5],
		"rotation": {"origin": [ 8, 1, 8 ], "axis": "y", "angle": 0 },
		"faces": {
			"down":{"uv":[9,9,10,10],"texture":"#block","cullface":Know2Good},
			"up":{"uv":[9,10,10,11],"texture":"#block","cullface":Know2Good},
			"north":{"uv":[9,9,10,11],"texture":"#block","cullface":Know2Good},
			"south":{"uv":[9,9,10,11],"texture":"#block","cullface":Know2Good},
			"west":{"uv":[9,9,10,11],"texture":"#block","cullface":Know2Good},
			"east":{"uv":[9,9,10,11],"texture":"#block","cullface":Know2Good}
		}
	},
	{
		"type":"cube", //Stem south 3
		"from": [7,7.5,10.5],
		"to": [8,8.5,11.5],
		"rotation": {"origin": [ 8, 1, 8 ], "axis": "y", "angle": 0 },
		"faces": {
			"down":{"uv":[10,12,11,13],"texture":"#block","cullface":Know2Good},
			"up":{"uv":[10,12,11,13],"texture":"#block","cullface":Know2Good},
			"north":{"uv":[10,12,11,13],"texture":"#block","cullface":Know2Good},
			"south":{"uv":[10,12,11,13],"texture":"#block","cullface":Know2Good},
			"west":{"uv":[10,12,11,13],"texture":"#block","cullface":Know2Good},
			"east":{"uv":[10,12,11,13],"texture":"#block","cullface":Know2Good}
		}
	},
	{
		"type":"cube", //Stem west 1
		"from": [6.5,5.5,7.5],
		"to": [7.5,9.5,8.5],
		"rotation": {"origin": [ 8, 1, 8 ], "axis": "y", "angle": 0 },
		"faces": {
			"down":{"uv":[8,14,9,15],"texture":"#block","cullface":Know2Good},
			"up":{"uv":[8,11,9,12],"texture":"#block","cullface":Know2Good},
			"north":{"uv":[8,11,9,15],"texture":"#block","cullface":Know2Good},
			"south":{"uv":[8,11,9,15],"texture":"#block","cullface":Know2Good},
			"west":{"uv":[8,11,9,15],"texture":"#block","cullface":Know2Good},
			"east":{"uv":[8,11,9,15],"texture":"#block","cullface":Know2Good}
		}
	},
	{
		"type":"cube", //Stem west 2.1
		"from": [5.5,6.5,7.5],
		"to": [6.5,7.5,8.5],
		"rotation": {"origin": [ 8, 1, 8 ], "axis": "y", "angle": 0 },
		"faces": {
			"down":{"uv":[9,13,10,14],"texture":"#block","cullface":Know2Good},
			"up":{"uv":[9,13,10,14],"texture":"#block","cullface":Know2Good},
			"north":{"uv":[9,13,10,14],"texture":"#block","cullface":Know2Good},
			"south":{"uv":[9,13,10,14],"texture":"#block","cullface":Know2Good},
			"west":{"uv":[9,13,10,14],"texture":"#block","cullface":Know2Good}
		}
	},
	{
		"type":"cube", //Stem west 2.2
		"from": [5.5,9.5,8],
		"to": [6.5,11.5,9],
		"rotation": {"origin": [ 8, 1, 8 ], "axis": "y", "angle": 0 },
		"faces": {
			"down":{"uv":[9,9,10,10],"texture":"#block","cullface":Know2Good},
			"up":{"uv":[9,10,10,11],"texture":"#block","cullface":Know2Good},
			"north":{"uv":[9,9,10,11],"texture":"#block","cullface":Know2Good},
			"south":{"uv":[9,9,10,11],"texture":"#block","cullface":Know2Good},
			"west":{"uv":[9,9,10,11],"texture":"#block","cullface":Know2Good},
			"east":{"uv":[9,9,10,11],"texture":"#block","cullface":Know2Good}
		}
	},
	{
		"type":"cube", //Stem west 3
		"from": [4.5,7.5,7],
		"to": [5.5,8.5,8],
		"rotation": {"origin": [ 8, 1, 8 ], "axis": "y", "angle": 0 },
		"faces": {
			"down":{"uv":[10,12,11,13],"texture":"#block","cullface":Know2Good},
			"up":{"uv":[10,12,11,13],"texture":"#block","cullface":Know2Good},
			"north":{"uv":[10,12,11,13],"texture":"#block","cullface":Know2Good},
			"south":{"uv":[10,12,11,13],"texture":"#block","cullface":Know2Good},
			"west":{"uv":[10,12,11,13],"texture":"#block","cullface":Know2Good},
			"east":{"uv":[10,12,11,13],"texture":"#block","cullface":Know2Good}
		}
	},
	{
		"type":"cube", //Top flower stigma
		"from": [7.5,12.49,7.5],
		"to": [8.5,14.5,8.5],
		"rotation": {"origin": [ 8, 1, 8 ], "axis": "y", "angle": 0 },
		"faces": {
			"up":{"uv":[11,11,12,12],"texture":"#block","cullface":Know2Good},
			"north":{"uv":[10,11,11,13],"texture":"#block","cullface":Know2Good},
			"south":{"uv":[10,11,11,13],"texture":"#block","cullface":Know2Good},
			"west":{"uv":[10,11,11,13],"texture":"#block","cullface":Know2Good},
			"east":{"uv":[10,11,11,13],"texture":"#block","cullface":Know2Good}
		}
	},
	{
		"type":"cube", //Top flower petal north
		"from": [7.5,14,6.5],
		"to": [8.5,15,7.5],
		"rotation": {"origin": [ 8, 1, 8 ], "axis": "y", "angle": 0 },
		"faces": {
			"down":{"uv":[11,12,12,13],"texture":"#block","cullface":Know2Good},
			"up":{"uv":[11,12,12,13],"texture":"#block","cullface":Know2Good},
			"north":{"uv":[11,12,12,13],"texture":"#block","cullface":Know2Good},
			"south":{"uv":[11,12,12,13],"texture":"#block","cullface":Know2Good},
			"west":{"uv":[11,12,12,13],"texture":"#block","cullface":Know2Good},
			"east":{"uv":[11,12,12,13],"texture":"#block","cullface":Know2Good}
		}
	},
	{
		"type":"cube", //Top flower petal east
		"from": [8.5,14,7.5],
		"to": [9.5,15,8.5],
		"rotation": {"origin": [ 8, 1, 8 ], "axis": "y", "angle": 0 },
		"faces": {
			"down":{"uv":[11,12,12,13],"texture":"#block","cullface":Know2Good},
			"up":{"uv":[11,12,12,13],"texture":"#block","cullface":Know2Good},
			"north":{"uv":[11,12,12,13],"texture":"#block","cullface":Know2Good},
			"south":{"uv":[11,12,12,13],"texture":"#block","cullface":Know2Good},
			"west":{"uv":[11,12,12,13],"texture":"#block","cullface":Know2Good},
			"east":{"uv":[11,12,12,13],"texture":"#block","cullface":Know2Good}
		}
	},
	{
		"type":"cube", //Top flower petal south
		"from": [7.5,14,8.5],
		"to": [8.5,15,9.5],
		"rotation": {"origin": [ 8, 1, 8 ], "axis": "y", "angle": 0 },
		"faces": {
			"down":{"uv":[11,12,12,13],"texture":"#block","cullface":Know2Good},
			"up":{"uv":[11,12,12,13],"texture":"#block","cullface":Know2Good},
			"north":{"uv":[11,12,12,13],"texture":"#block","cullface":Know2Good},
			"south":{"uv":[11,12,12,13],"texture":"#block","cullface":Know2Good},
			"west":{"uv":[11,12,12,13],"texture":"#block","cullface":Know2Good},
			"east":{"uv":[11,12,12,13],"texture":"#block","cullface":Know2Good}
		}
	},
	{
		"type":"cube", //Top flower petal west
		"from": [6.5,14,7.5],
		"to": [7.5,15,8.5],
		"rotation": {"origin": [ 8, 1, 8 ], "axis": "y", "angle": 0 },
		"faces": {
			"down":{"uv":[11,12,12,13],"texture":"#block","cullface":Know2Good},
			"up":{"uv":[11,12,12,13],"texture":"#block","cullface":Know2Good},
			"north":{"uv":[11,12,12,13],"texture":"#block","cullface":Know2Good},
			"south":{"uv":[11,12,12,13],"texture":"#block","cullface":Know2Good},
			"west":{"uv":[11,12,12,13],"texture":"#block","cullface":Know2Good},
			"east":{"uv":[11,12,12,13],"texture":"#block","cullface":Know2Good}
		}
	},
	{
		"type":"cube", //1 North flower stigma
		"from": [8.5,8.5,3.5],
		"to": [9.5,9.5,4.5],
		"rotation": {"origin": [ 8, 1, 8 ], "axis": "y", "angle": 0 },
		"faces": {
			"down":{"uv":[11,12,12,13],"texture":"#block","cullface":Know2Good},
			"up":{"uv":[11,12,12,13],"texture":"#block","cullface":Know2Good},
			"north":{"uv":[11,11,12,12],"texture":"#block","cullface":Know2Good},
			"south":{"uv":[11,12,12,13],"texture":"#block","cullface":Know2Good},
			"west":{"uv":[11,12,12,13],"texture":"#block","cullface":Know2Good},
			"east":{"uv":[11,12,12,13],"texture":"#block","cullface":Know2Good}
		}
	},
	{
		"type":"cube", //1 North flower petal top
		"from": [8.5,9.5,3],
		"to": [9.5,10.5,4],
		"rotation": {"origin": [ 8, 1, 8 ], "axis": "y", "angle": 0 },
		"faces": {
			"down":{"uv":[11,12,12,13],"texture":"#block","cullface":Know2Good},
			"up":{"uv":[11,12,12,13],"texture":"#block","cullface":Know2Good},
			"north":{"uv":[11,12,12,13],"texture":"#block","cullface":Know2Good},
			"south":{"uv":[11,12,12,13],"texture":"#block","cullface":Know2Good},
			"west":{"uv":[11,12,12,13],"texture":"#block","cullface":Know2Good},
			"east":{"uv":[11,12,12,13],"texture":"#block","cullface":Know2Good}
		}
	},
	{
		"type":"cube", //1 North flower petal right
		"from": [7.5,8.5,3],
		"to": [8.5,9.5,4],
		"rotation": {"origin": [ 8, 1, 8 ], "axis": "y", "angle": 0 },
		"faces": {
			"down":{"uv":[11,12,12,13],"texture":"#block","cullface":Know2Good},
			"up":{"uv":[11,12,12,13],"texture":"#block","cullface":Know2Good},
			"north":{"uv":[11,12,12,13],"texture":"#block","cullface":Know2Good},
			"south":{"uv":[11,12,12,13],"texture":"#block","cullface":Know2Good},
			"west":{"uv":[11,12,12,13],"texture":"#block","cullface":Know2Good},
			"east":{"uv":[11,12,12,13],"texture":"#block","cullface":Know2Good}
		}
	},
	{
		"type":"cube", //1 North flower petal bottom
		"from": [8.5,7.5,3],
		"to": [9.5,8.5,4],
		"rotation": {"origin": [ 8, 1, 8 ], "axis": "y", "angle": 0 },
		"faces": {
			"down":{"uv":[11,12,12,13],"texture":"#block","cullface":Know2Good},
			"up":{"uv":[11,12,12,13],"texture":"#block","cullface":Know2Good},
			"north":{"uv":[11,12,12,13],"texture":"#block","cullface":Know2Good},
			"south":{"uv":[11,12,12,13],"texture":"#block","cullface":Know2Good},
			"west":{"uv":[11,12,12,13],"texture":"#block","cullface":Know2Good},
			"east":{"uv":[11,12,12,13],"texture":"#block","cullface":Know2Good}
		}
	},
	{
		"type":"cube", //1 North flower petal left
		"from": [9.5,8.5,3],
		"to": [10.5,9.5,4],
		"rotation": {"origin": [ 8, 1, 8 ], "axis": "y", "angle": 0 },
		"faces": {
			"down":{"uv":[11,12,12,13],"texture":"#block","cullface":Know2Good},
			"up":{"uv":[11,12,12,13],"texture":"#block","cullface":Know2Good},
			"north":{"uv":[11,12,12,13],"texture":"#block","cullface":Know2Good},
			"south":{"uv":[11,12,12,13],"texture":"#block","cullface":Know2Good},
			"west":{"uv":[11,12,12,13],"texture":"#block","cullface":Know2Good},
			"east":{"uv":[11,12,12,13],"texture":"#block","cullface":Know2Good}
		}
	},
	{
		"type":"cube", //2 North flower stigma
		"from": [6.5,11.5,4.5],
		"to": [7.5,12.5,5.5],
		"rotation": {"origin": [ 8, 1, 8 ], "axis": "y", "angle": 0 },
		"faces": {
			"down":{"uv":[11,12,12,13],"texture":"#block","cullface":Know2Good},
			"up":{"uv":[11,12,12,13],"texture":"#block","cullface":Know2Good},
			"north":{"uv":[11,11,12,12],"texture":"#block","cullface":Know2Good},
			"south":{"uv":[11,12,12,13],"texture":"#block","cullface":Know2Good},
			"west":{"uv":[11,12,12,13],"texture":"#block","cullface":Know2Good},
			"east":{"uv":[11,12,12,13],"texture":"#block","cullface":Know2Good}
		}
	},
	{
		"type":"cube", //2 North flower petal top
		"from": [6.5,12.5,4],
		"to": [7.5,13.5,5],
		"rotation": {"origin": [ 8, 1, 8 ], "axis": "y", "angle": 0 },
		"faces": {
			"down":{"uv":[11,12,12,13],"texture":"#block","cullface":Know2Good},
			"up":{"uv":[11,12,12,13],"texture":"#block","cullface":Know2Good},
			"north":{"uv":[11,12,12,13],"texture":"#block","cullface":Know2Good},
			"south":{"uv":[11,12,12,13],"texture":"#block","cullface":Know2Good},
			"west":{"uv":[11,12,12,13],"texture":"#block","cullface":Know2Good},
			"east":{"uv":[11,12,12,13],"texture":"#block","cullface":Know2Good}
		}
	},
	{
		"type":"cube", //2 North flower petal right
		"from": [5.5,11.5,4],
		"to": [6.5,12.5,5],
		"rotation": {"origin": [ 8, 1, 8 ], "axis": "y", "angle": 0 },
		"faces": {
			"down":{"uv":[11,12,12,13],"texture":"#block","cullface":Know2Good},
			"up":{"uv":[11,12,12,13],"texture":"#block","cullface":Know2Good},
			"north":{"uv":[11,12,12,13],"texture":"#block","cullface":Know2Good},
			"south":{"uv":[11,12,12,13],"texture":"#block","cullface":Know2Good},
			"west":{"uv":[11,12,12,13],"texture":"#block","cullface":Know2Good},
			"east":{"uv":[11,12,12,13],"texture":"#block","cullface":Know2Good}
		}
	},
	{
		"type":"cube", //2 North flower petal bottom
		"from": [6.5,10.5,4],
		"to": [7.5,11.5,5],
		"rotation": {"origin": [ 8, 1, 8 ], "axis": "y", "angle": 0 },
		"faces": {
			"down":{"uv":[11,12,12,13],"texture":"#block","cullface":Know2Good},
			"up":{"uv":[11,12,12,13],"texture":"#block","cullface":Know2Good},
			"north":{"uv":[11,12,12,13],"texture":"#block","cullface":Know2Good},
			"south":{"uv":[11,12,12,13],"texture":"#block","cullface":Know2Good},
			"west":{"uv":[11,12,12,13],"texture":"#block","cullface":Know2Good},
			"east":{"uv":[11,12,12,13],"texture":"#block","cullface":Know2Good}
		}
	},
	{
		"type":"cube", //2 North flower petal left
		"from": [7.5,11.5,4],
		"to": [8.5,12.5,5],
		"rotation": {"origin": [ 8, 1, 8 ], "axis": "y", "angle": 0 },
		"faces": {
			"down":{"uv":[11,12,12,13],"texture":"#block","cullface":Know2Good},
			"up":{"uv":[11,12,12,13],"texture":"#block","cullface":Know2Good},
			"north":{"uv":[11,12,12,13],"texture":"#block","cullface":Know2Good},
			"south":{"uv":[11,12,12,13],"texture":"#block","cullface":Know2Good},
			"west":{"uv":[11,12,12,13],"texture":"#block","cullface":Know2Good},
			"east":{"uv":[11,12,12,13],"texture":"#block","cullface":Know2Good}
		}
	},
	{
		"type":"cube", //1 East flower stigma
		"from": [11.5,8.5,8.5],
		"to": [12.5,9.5,9.5],
		"rotation": {"origin": [ 8, 1, 8 ], "axis": "y", "angle": 0 },
		"faces": {
			"down":{"uv":[11,12,12,13],"texture":"#block","cullface":Know2Good},
			"up":{"uv":[11,12,12,13],"texture":"#block","cullface":Know2Good},
			"north":{"uv":[11,12,12,13],"texture":"#block","cullface":Know2Good},
			"south":{"uv":[11,12,12,13],"texture":"#block","cullface":Know2Good},
			"west":{"uv":[11,12,12,13],"texture":"#block","cullface":Know2Good},
			"east":{"uv":[11,11,12,12],"texture":"#block","cullface":Know2Good}
		}
	},
	{
		"type":"cube", //1 East flower petal top
		"from": [12,9.5,8.5],
		"to": [13,10.5,9.5],
		"rotation": {"origin": [ 8, 1, 8 ], "axis": "y", "angle": 0 },
		"faces": {
			"down":{"uv":[11,12,12,13],"texture":"#block","cullface":Know2Good},
			"up":{"uv":[11,12,12,13],"texture":"#block","cullface":Know2Good},
			"north":{"uv":[11,12,12,13],"texture":"#block","cullface":Know2Good},
			"south":{"uv":[11,12,12,13],"texture":"#block","cullface":Know2Good},
			"west":{"uv":[11,12,12,13],"texture":"#block","cullface":Know2Good},
			"east":{"uv":[11,12,12,13],"texture":"#block","cullface":Know2Good}
		}
	},
	{
		"type":"cube", //1 East flower petal right
		"from": [12,8.5,7.5],
		"to": [13,9.5,8.5],
		"rotation": {"origin": [ 8, 1, 8 ], "axis": "y", "angle": 0 },
		"faces": {
			"down":{"uv":[11,12,12,13],"texture":"#block","cullface":Know2Good},
			"up":{"uv":[11,12,12,13],"texture":"#block","cullface":Know2Good},
			"north":{"uv":[11,12,12,13],"texture":"#block","cullface":Know2Good},
			"south":{"uv":[11,12,12,13],"texture":"#block","cullface":Know2Good},
			"west":{"uv":[11,12,12,13],"texture":"#block","cullface":Know2Good},
			"east":{"uv":[11,12,12,13],"texture":"#block","cullface":Know2Good}
		}
	},
	{
		"type":"cube", //1 East flower petal bottom
		"from": [12,7.5,8.5],
		"to": [13,8.5,9.5],
		"rotation": {"origin": [ 8, 1, 8 ], "axis": "y", "angle": 0 },
		"faces": {
			"down":{"uv":[11,12,12,13],"texture":"#block","cullface":Know2Good},
			"up":{"uv":[11,12,12,13],"texture":"#block","cullface":Know2Good},
			"north":{"uv":[11,12,12,13],"texture":"#block","cullface":Know2Good},
			"south":{"uv":[11,12,12,13],"texture":"#block","cullface":Know2Good},
			"west":{"uv":[11,12,12,13],"texture":"#block","cullface":Know2Good},
			"east":{"uv":[11,12,12,13],"texture":"#block","cullface":Know2Good}
		}
	},
	{
		"type":"cube", //1 East flower petal left
		"from": [12,8.5,9.5],
		"to": [13,9.5,10.5],
		"rotation": {"origin": [ 8, 1, 8 ], "axis": "y", "angle": 0 },
		"faces": {
			"down":{"uv":[11,12,12,13],"texture":"#block","cullface":Know2Good},
			"up":{"uv":[11,12,12,13],"texture":"#block","cullface":Know2Good},
			"north":{"uv":[11,12,12,13],"texture":"#block","cullface":Know2Good},
			"south":{"uv":[11,12,12,13],"texture":"#block","cullface":Know2Good},
			"west":{"uv":[11,12,12,13],"texture":"#block","cullface":Know2Good},
			"east":{"uv":[11,12,12,13],"texture":"#block","cullface":Know2Good}
		}
	},
	{
		"type":"cube", //2 East flower stigma
		"from": [10.5,11.5,6.5],
		"to": [11.5,12.5,7.5],
		"rotation": {"origin": [ 8, 1, 8 ], "axis": "y", "angle": 0 },
		"faces": {
			"down":{"uv":[11,12,12,13],"texture":"#block","cullface":Know2Good},
			"up":{"uv":[11,12,12,13],"texture":"#block","cullface":Know2Good},
			"north":{"uv":[11,12,12,13],"texture":"#block","cullface":Know2Good},
			"south":{"uv":[11,12,12,13],"texture":"#block","cullface":Know2Good},
			"west":{"uv":[11,12,12,13],"texture":"#block","cullface":Know2Good},
			"east":{"uv":[11,11,12,12],"texture":"#block","cullface":Know2Good}
		}
	},
	{
		"type":"cube", //2 East flower petal top
		"from": [11,12.5,6.5],
		"to": [12,13.5,7.5],
		"rotation": {"origin": [ 8, 1, 8 ], "axis": "y", "angle": 0 },
		"faces": {
			"down":{"uv":[11,12,12,13],"texture":"#block","cullface":Know2Good},
			"up":{"uv":[11,12,12,13],"texture":"#block","cullface":Know2Good},
			"north":{"uv":[11,12,12,13],"texture":"#block","cullface":Know2Good},
			"south":{"uv":[11,12,12,13],"texture":"#block","cullface":Know2Good},
			"west":{"uv":[11,12,12,13],"texture":"#block","cullface":Know2Good},
			"east":{"uv":[11,12,12,13],"texture":"#block","cullface":Know2Good}
		}
	},
	{
		"type":"cube", //2 East flower petal right
		"from": [11,11.5,5.5],
		"to": [12,12.5,6.5],
		"rotation": {"origin": [ 8, 1, 8 ], "axis": "y", "angle": 0 },
		"faces": {
			"down":{"uv":[11,12,12,13],"texture":"#block","cullface":Know2Good},
			"up":{"uv":[11,12,12,13],"texture":"#block","cullface":Know2Good},
			"north":{"uv":[11,12,12,13],"texture":"#block","cullface":Know2Good},
			"south":{"uv":[11,12,12,13],"texture":"#block","cullface":Know2Good},
			"west":{"uv":[11,12,12,13],"texture":"#block","cullface":Know2Good},
			"east":{"uv":[11,12,12,13],"texture":"#block","cullface":Know2Good}
		}
	},
	{
		"type":"cube", //2 East flower petal bottom
		"from": [11,10.5,6.5],
		"to": [12,11.5,7.5],
		"rotation": {"origin": [ 8, 1, 8 ], "axis": "y", "angle": 0 },
		"faces": {
			"down":{"uv":[11,12,12,13],"texture":"#block","cullface":Know2Good},
			"up":{"uv":[11,12,12,13],"texture":"#block","cullface":Know2Good},
			"north":{"uv":[11,12,12,13],"texture":"#block","cullface":Know2Good},
			"south":{"uv":[11,12,12,13],"texture":"#block","cullface":Know2Good},
			"west":{"uv":[11,12,12,13],"texture":"#block","cullface":Know2Good},
			"east":{"uv":[11,12,12,13],"texture":"#block","cullface":Know2Good}
		}
	},
	{
		"type":"cube", //2 East flower petal left
		"from": [11,11.5,7.5],
		"to": [12,12.5,8.5],
		"rotation": {"origin": [ 8, 1, 8 ], "axis": "y", "angle": 0 },
		"faces": {
			"down":{"uv":[11,12,12,13],"texture":"#block","cullface":Know2Good},
			"up":{"uv":[11,12,12,13],"texture":"#block","cullface":Know2Good},
			"north":{"uv":[11,12,12,13],"texture":"#block","cullface":Know2Good},
			"south":{"uv":[11,12,12,13],"texture":"#block","cullface":Know2Good},
			"west":{"uv":[11,12,12,13],"texture":"#block","cullface":Know2Good},
			"east":{"uv":[11,12,12,13],"texture":"#block","cullface":Know2Good}
		}
	},
	{
		"type":"cube", //1 South flower stigma
		"from": [6.5,8.5,11.5],
		"to": [7.5,9.5,12.5],
		"rotation": {"origin": [ 8, 1, 8 ], "axis": "y", "angle": 0 },
		"faces": {
			"down":{"uv":[11,12,12,13],"texture":"#block","cullface":Know2Good},
			"up":{"uv":[11,12,12,13],"texture":"#block","cullface":Know2Good},
			"north":{"uv":[11,12,12,13],"texture":"#block","cullface":Know2Good},
			"south":{"uv":[11,11,12,12],"texture":"#block","cullface":Know2Good},
			"west":{"uv":[11,12,12,13],"texture":"#block","cullface":Know2Good},
			"east":{"uv":[11,12,12,13],"texture":"#block","cullface":Know2Good}
		}
	},
	{
		"type":"cube", //1 South flower petal top
		"from": [6.5,9.5,12],
		"to": [7.5,10.5,13],
		"rotation": {"origin": [ 8, 1, 8 ], "axis": "y", "angle": 0 },
		"faces": {
			"down":{"uv":[11,12,12,13],"texture":"#block","cullface":Know2Good},
			"up":{"uv":[11,12,12,13],"texture":"#block","cullface":Know2Good},
			"north":{"uv":[11,12,12,13],"texture":"#block","cullface":Know2Good},
			"south":{"uv":[11,12,12,13],"texture":"#block","cullface":Know2Good},
			"west":{"uv":[11,12,12,13],"texture":"#block","cullface":Know2Good},
			"east":{"uv":[11,12,12,13],"texture":"#block","cullface":Know2Good}
		}
	},
	{
		"type":"cube", //1 South flower petal right
		"from": [5.5,8.5,12],
		"to": [6.5,9.5,13],
		"rotation": {"origin": [ 8, 1, 8 ], "axis": "y", "angle": 0 },
		"faces": {
			"down":{"uv":[11,12,12,13],"texture":"#block","cullface":Know2Good},
			"up":{"uv":[11,12,12,13],"texture":"#block","cullface":Know2Good},
			"north":{"uv":[11,12,12,13],"texture":"#block","cullface":Know2Good},
			"south":{"uv":[11,12,12,13],"texture":"#block","cullface":Know2Good},
			"west":{"uv":[11,12,12,13],"texture":"#block","cullface":Know2Good},
			"east":{"uv":[11,12,12,13],"texture":"#block","cullface":Know2Good}
		}
	},
	{
		"type":"cube", //1 South flower petal bottom
		"from": [6.5,7.5,12],
		"to": [7.5,8.5,13],
		"rotation": {"origin": [ 8, 1, 8 ], "axis": "y", "angle": 0 },
		"faces": {
			"down":{"uv":[11,12,12,13],"texture":"#block","cullface":Know2Good},
			"up":{"uv":[11,12,12,13],"texture":"#block","cullface":Know2Good},
			"north":{"uv":[11,12,12,13],"texture":"#block","cullface":Know2Good},
			"south":{"uv":[11,12,12,13],"texture":"#block","cullface":Know2Good},
			"west":{"uv":[11,12,12,13],"texture":"#block","cullface":Know2Good},
			"east":{"uv":[11,12,12,13],"texture":"#block","cullface":Know2Good}
		}
	},
	{
		"type":"cube", //1 South flower petal left
		"from": [7.5,8.5,12],
		"to": [8.5,9.5,13],
		"rotation": {"origin": [ 8, 1, 8 ], "axis": "y", "angle": 0 },
		"faces": {
			"down":{"uv":[11,12,12,13],"texture":"#block","cullface":Know2Good},
			"up":{"uv":[11,12,12,13],"texture":"#block","cullface":Know2Good},
			"north":{"uv":[11,12,12,13],"texture":"#block","cullface":Know2Good},
			"south":{"uv":[11,12,12,13],"texture":"#block","cullface":Know2Good},
			"west":{"uv":[11,12,12,13],"texture":"#block","cullface":Know2Good},
			"east":{"uv":[11,12,12,13],"texture":"#block","cullface":Know2Good}
		}
	},
	{
		"type":"cube", //2 South flower stigma
		"from": [8.5,11.5,10.5],
		"to": [9.5,12.5,11.5],
		"rotation": {"origin": [ 8, 1, 8 ], "axis": "y", "angle": 0 },
		"faces": {
			"down":{"uv":[11,12,12,13],"texture":"#block","cullface":Know2Good},
			"up":{"uv":[11,12,12,13],"texture":"#block","cullface":Know2Good},
			"north":{"uv":[11,12,12,13],"texture":"#block","cullface":Know2Good},
			"south":{"uv":[11,11,12,12],"texture":"#block","cullface":Know2Good},
			"west":{"uv":[11,12,12,13],"texture":"#block","cullface":Know2Good},
			"east":{"uv":[11,12,12,13],"texture":"#block","cullface":Know2Good}
		}
	},
	{
		"type":"cube", //2 South flower petal top
		"from": [8.5,12.5,11],
		"to": [9.5,13.5,12],
		"rotation": {"origin": [ 8, 1, 8 ], "axis": "y", "angle": 0 },
		"faces": {
			"down":{"uv":[11,12,12,13],"texture":"#block","cullface":Know2Good},
			"up":{"uv":[11,12,12,13],"texture":"#block","cullface":Know2Good},
			"north":{"uv":[11,12,12,13],"texture":"#block","cullface":Know2Good},
			"south":{"uv":[11,12,12,13],"texture":"#block","cullface":Know2Good},
			"west":{"uv":[11,12,12,13],"texture":"#block","cullface":Know2Good},
			"east":{"uv":[11,12,12,13],"texture":"#block","cullface":Know2Good}
		}
	},
	{
		"type":"cube", //2 South flower petal right
		"from": [7.5,11.5,11],
		"to": [8.5,12.5,12],
		"rotation": {"origin": [ 8, 1, 8 ], "axis": "y", "angle": 0 },
		"faces": {
			"down":{"uv":[11,12,12,13],"texture":"#block","cullface":Know2Good},
			"up":{"uv":[11,12,12,13],"texture":"#block","cullface":Know2Good},
			"north":{"uv":[11,12,12,13],"texture":"#block","cullface":Know2Good},
			"south":{"uv":[11,12,12,13],"texture":"#block","cullface":Know2Good},
			"west":{"uv":[11,12,12,13],"texture":"#block","cullface":Know2Good},
			"east":{"uv":[11,12,12,13],"texture":"#block","cullface":Know2Good}
		}
	},
	{
		"type":"cube", //2 South flower petal bottom
		"from": [8.5,10.5,11],
		"to": [9.5,11.5,12],
		"rotation": {"origin": [ 8, 1, 8 ], "axis": "y", "angle": 0 },
		"faces": {
			"down":{"uv":[11,12,12,13],"texture":"#block","cullface":Know2Good},
			"up":{"uv":[11,12,12,13],"texture":"#block","cullface":Know2Good},
			"north":{"uv":[11,12,12,13],"texture":"#block","cullface":Know2Good},
			"south":{"uv":[11,12,12,13],"texture":"#block","cullface":Know2Good},
			"west":{"uv":[11,12,12,13],"texture":"#block","cullface":Know2Good},
			"east":{"uv":[11,12,12,13],"texture":"#block","cullface":Know2Good}
		}
	},
	{
		"type":"cube", //2 South flower petal left
		"from": [9.5,11.5,11],
		"to": [10.5,12.5,12],
		"rotation": {"origin": [ 8, 1, 8 ], "axis": "y", "angle": 0 },
		"faces": {
			"down":{"uv":[11,12,12,13],"texture":"#block","cullface":Know2Good},
			"up":{"uv":[11,12,12,13],"texture":"#block","cullface":Know2Good},
			"north":{"uv":[11,12,12,13],"texture":"#block","cullface":Know2Good},
			"south":{"uv":[11,12,12,13],"texture":"#block","cullface":Know2Good},
			"west":{"uv":[11,12,12,13],"texture":"#block","cullface":Know2Good},
			"east":{"uv":[11,12,12,13],"texture":"#block","cullface":Know2Good}
		}
	},
	{
		"type":"cube", //1 West flower stigma
		"from": [3.5,8.5,6.5],
		"to": [4.5,9.5,7.5],
		"rotation": {"origin": [ 8, 1, 8 ], "axis": "y", "angle": 0 },
		"faces": {
			"down":{"uv":[11,12,12,13],"texture":"#block","cullface":Know2Good},
			"up":{"uv":[11,12,12,13],"texture":"#block","cullface":Know2Good},
			"north":{"uv":[11,12,12,13],"texture":"#block","cullface":Know2Good},
			"south":{"uv":[11,12,12,13],"texture":"#block","cullface":Know2Good},
			"west":{"uv":[11,11,12,12],"texture":"#block","cullface":Know2Good},
			"east":{"uv":[11,12,12,13],"texture":"#block","cullface":Know2Good}
		}
	},
	{
		"type":"cube", //1 West flower petal top
		"from": [3,9.5,6.5],
		"to": [4,10.5,7.5],
		"rotation": {"origin": [ 8, 1, 8 ], "axis": "y", "angle": 0 },
		"faces": {
			"down":{"uv":[11,12,12,13],"texture":"#block","cullface":Know2Good},
			"up":{"uv":[11,12,12,13],"texture":"#block","cullface":Know2Good},
			"north":{"uv":[11,12,12,13],"texture":"#block","cullface":Know2Good},
			"south":{"uv":[11,12,12,13],"texture":"#block","cullface":Know2Good},
			"west":{"uv":[11,12,12,13],"texture":"#block","cullface":Know2Good},
			"east":{"uv":[11,12,12,13],"texture":"#block","cullface":Know2Good}
		}
	},
	{
		"type":"cube", //1 West flower petal right
		"from": [3,8.5,5.5],
		"to": [4,9.5,6.5],
		"rotation": {"origin": [ 8, 1, 8 ], "axis": "y", "angle": 0 },
		"faces": {
			"down":{"uv":[11,12,12,13],"texture":"#block","cullface":Know2Good},
			"up":{"uv":[11,12,12,13],"texture":"#block","cullface":Know2Good},
			"north":{"uv":[11,12,12,13],"texture":"#block","cullface":Know2Good},
			"south":{"uv":[11,12,12,13],"texture":"#block","cullface":Know2Good},
			"west":{"uv":[11,12,12,13],"texture":"#block","cullface":Know2Good},
			"east":{"uv":[11,12,12,13],"texture":"#block","cullface":Know2Good}
		}
	},
	{
		"type":"cube", //1 West flower petal bottom
		"from": [3,7.5,6.5],
		"to": [4,8.5,7.5],
		"rotation": {"origin": [ 8, 1, 8 ], "axis": "y", "angle": 0 },
		"faces": {
			"down":{"uv":[11,12,12,13],"texture":"#block","cullface":Know2Good},
			"up":{"uv":[11,12,12,13],"texture":"#block","cullface":Know2Good},
			"north":{"uv":[11,12,12,13],"texture":"#block","cullface":Know2Good},
			"south":{"uv":[11,12,12,13],"texture":"#block","cullface":Know2Good},
			"west":{"uv":[11,12,12,13],"texture":"#block","cullface":Know2Good},
			"east":{"uv":[11,12,12,13],"texture":"#block","cullface":Know2Good}
		}
	},
	{
		"type":"cube", //1 West flower petal left
		"from": [3,8.5,7.5],
		"to": [4,9.5,8.5],
		"rotation": {"origin": [ 8, 1, 8 ], "axis": "y", "angle": 0 },
		"faces": {
			"down":{"uv":[11,12,12,13],"texture":"#block","cullface":Know2Good},
			"up":{"uv":[11,12,12,13],"texture":"#block","cullface":Know2Good},
			"north":{"uv":[11,12,12,13],"texture":"#block","cullface":Know2Good},
			"south":{"uv":[11,12,12,13],"texture":"#block","cullface":Know2Good},
			"west":{"uv":[11,12,12,13],"texture":"#block","cullface":Know2Good},
			"east":{"uv":[11,12,12,13],"texture":"#block","cullface":Know2Good}
		}
	},
	{
		"type":"cube", //2 West flower stigma
		"from": [4.5,11.5,8.5],
		"to": [5.5,12.5,9.5],
		"rotation": {"origin": [ 8, 1, 8 ], "axis": "y", "angle": 0 },
		"faces": {
			"down":{"uv":[11,12,12,13],"texture":"#block","cullface":Know2Good},
			"up":{"uv":[11,12,12,13],"texture":"#block","cullface":Know2Good},
			"north":{"uv":[11,12,12,13],"texture":"#block","cullface":Know2Good},
			"south":{"uv":[11,12,12,13],"texture":"#block","cullface":Know2Good},
			"west":{"uv":[11,11,12,12],"texture":"#block","cullface":Know2Good},
			"east":{"uv":[11,12,12,13],"texture":"#block","cullface":Know2Good}
		}
	},
	{
		"type":"cube", //2 West flower petal top
		"from": [4,12.5,8.5],
		"to": [5,13.5,9.5],
		"rotation": {"origin": [ 8, 1, 8 ], "axis": "y", "angle": 0 },
		"faces": {
			"down":{"uv":[11,12,12,13],"texture":"#block","cullface":Know2Good},
			"up":{"uv":[11,12,12,13],"texture":"#block","cullface":Know2Good},
			"north":{"uv":[11,12,12,13],"texture":"#block","cullface":Know2Good},
			"south":{"uv":[11,12,12,13],"texture":"#block","cullface":Know2Good},
			"west":{"uv":[11,12,12,13],"texture":"#block","cullface":Know2Good},
			"east":{"uv":[11,12,12,13],"texture":"#block","cullface":Know2Good}
		}
	},
	{
		"type":"cube", //2 West flower petal right
		"from": [4,11.5,7.5],
		"to": [5,12.5,8.5],
		"rotation": {"origin": [ 8, 1, 8 ], "axis": "y", "angle": 0 },
		"faces": {
			"down":{"uv":[11,12,12,13],"texture":"#block","cullface":Know2Good},
			"up":{"uv":[11,12,12,13],"texture":"#block","cullface":Know2Good},
			"north":{"uv":[11,12,12,13],"texture":"#block","cullface":Know2Good},
			"south":{"uv":[11,12,12,13],"texture":"#block","cullface":Know2Good},
			"west":{"uv":[11,12,12,13],"texture":"#block","cullface":Know2Good},
			"east":{"uv":[11,12,12,13],"texture":"#block","cullface":Know2Good}
		}
	},
	{
		"type":"cube", //2 West flower petal bottom
		"from": [4,10.5,8.5],
		"to": [5,11.5,9.5],
		"rotation": {"origin": [ 8, 1, 8 ], "axis": "y", "angle": 0 },
		"faces": {
			"down":{"uv":[11,12,12,13],"texture":"#block","cullface":Know2Good},
			"up":{"uv":[11,12,12,13],"texture":"#block","cullface":Know2Good},
			"north":{"uv":[11,12,12,13],"texture":"#block","cullface":Know2Good},
			"south":{"uv":[11,12,12,13],"texture":"#block","cullface":Know2Good},
			"west":{"uv":[11,12,12,13],"texture":"#block","cullface":Know2Good},
			"east":{"uv":[11,12,12,13],"texture":"#block","cullface":Know2Good}
		}
	},
	{
		"type":"cube", //2 West flower petal left
		"from": [4,11.5,9.5],
		"to": [5,12.5,10.5],
		"rotation": {"origin": [ 8, 1, 8 ], "axis": "y", "angle": 0 },
		"faces": {
			"down":{"uv":[11,12,12,13],"texture":"#block","cullface":Know2Good},
			"up":{"uv":[11,12,12,13],"texture":"#block","cullface":Know2Good},
			"north":{"uv":[11,12,12,13],"texture":"#block","cullface":Know2Good},
			"south":{"uv":[11,12,12,13],"texture":"#block","cullface":Know2Good},
			"west":{"uv":[11,12,12,13],"texture":"#block","cullface":Know2Good},
			"east":{"uv":[11,12,12,13],"texture":"#block","cullface":Know2Good}
		}
	},
	{
		"type":"cube", //North
		"from":[6,0,5],
		"to":[10,6,6],
		"rotation": {"origin": [ 8, 1, 8 ], "axis": "y", "angle": 0 },
		"faces": {
			"down":{"uv":[6,10,10,11],"texture":"#flowerpot","cullface":"down"},
			"up":{"uv":[6,5,10,6],"texture":"#flowerpot","cullface":"Know2Good"},
			"north":{"uv":[6,10,10,16],"texture":"#flowerpot","cullface":"Know2Good"},
			"south":{"uv":[6,10,10,16],"texture":"#flowerpot","cullface":"Know2Good"}
		}
	},
	{
		"type":"cube", //West
		"from":[5,0,5],
		"to":[6,6,11],
		"rotation": {"origin": [ 8, 1, 8 ], "axis": "y", "angle": 0 },
		"faces": {
			"down":{"uv":[5,5,6,11],"texture":"#flowerpot","cullface":"down"},
			"up":{"uv":[5,5,6,11],"texture":"#flowerpot","cullface":"Know2Good"},
			"north":{"uv":[10,10,11,16],"texture":"#flowerpot","cullface":"Know2Good"},
			"south":{"uv":[5,10,6,16],"texture":"#flowerpot","cullface":"Know2Good"},
			"west":{"uv":[5,10,11,16],"texture":"#flowerpot","cullface":"Know2Good"},
			"east":{"uv":[5,10,11,16],"texture":"#flowerpot","cullface":"Know2Good"}
		}
	},
	{
		"type":"cube", //South
		"from":[6,0,10],
		"to":[10,6,11],
		"rotation": {"origin": [ 8, 1, 8 ], "axis": "y", "angle": 0 },
		"faces": {
			"down":{"uv":[6,5,10,6],"texture":"#flowerpot","cullface":"down"},
			"up":{"uv":[6,10,10,11],"texture":"#flowerpot","cullface":"Know2Good"},
			"north":{"uv":[6,10,10,16],"texture":"#flowerpot","cullface":"Know2Good"},
			"south":{"uv":[6,10,10,16],"texture":"#flowerpot","cullface":"Know2Good"}
		}
	},
	{
		"type":"cube", //East
		"from":[10,0,5],
		"to":[11,6,11],
		"rotation": {"origin": [ 8, 1, 8 ], "axis": "y", "angle": 0 },
		"faces": {
			"down":{"uv":[10,5,11,11],"texture":"#flowerpot","cullface":"down"},
			"up":{"uv":[10,5,11,11],"texture":"#flowerpot","cullface":"Know2Good"},
			"north":{"uv":[5,10,6,11],"texture":"#flowerpot","cullface":"Know2Good"},
			"south":{"uv":[10,10,11,16],"texture":"#flowerpot","cullface":"Know2Good"},
			"west":{"uv":[5,10,11,16],"texture":"#flowerpot","cullface":"Know2Good"},
			"east":{"uv":[5,10,11,16],"texture":"#flowerpot","cullface":"Know2Good"}
		}
	},
	{
		"type":"cube", //Dirt
		"from":[6,0,6],
		"to":[10,4,10],
		"rotation": {"origin": [ 8, 1, 8 ], "axis": "y", "angle": 0 },
		"faces": {
			"down":{"uv":[6,6,10,10],"texture":"#dirt","flowerpot":"down"},
			"up":{"uv":[6,6,10,10],"texture":"#dirt","cullface":"Know2Good"}
		}
	}
],
"display": {
	"thirdperson": {
		"rotation": [ 0, 45, 1 ],
		"translation": [ 0, 0.5, 0 ],
		"scale": [ 1.1, 1.1, 1.1 ]
	},
	"firstperson": {
		"rotation": [ 0, 0, 0 ],
		"translation": [ 0, 0, 0 ],
		"scale": [ 1, 1, 1 ]
	},
	"gui": {
		"rotation": [ 0, 0, 0 ],
		"translation": [ 0, 0, 0 ],
		"scale": [ 1, 1, 1 ]
	}
}
}