{
"__comment":"Made by Know2Good, part of the 'Default 3D™' resource pack || Official download page: http://www.planetminecraft.com/texture_pack/default-3d-2985741/ || © Know2Good. All rights reserved. ",
"textures": {
	"stick": "blocks/planks_oak",
	"material": "custom/iron",
	"particle":"blocks/planks_oak"
},
"elements":[
	{
		"type":"cube", //Middle
		"from":[5.5,11.002,7.5],
		"to":[10.5,12,9],
		"rotation": {"origin": [ 8, 1, 8 ], "axis": "y", "angle": 0 },
		"faces": {
			"down":{"uv":[6,3,11,4],"texture":"#material","cullface":"Know2Good"},
			"up":{"uv":[6,3,11,4],"texture":"#material","cullface":"Know2Good"},
			"north":{"uv":[6,3,11,4],"texture":"#material","cullface":"Know2Good","rotation": 180},
			"south":{"uv":[6,3,11,4],"texture":"#material","cullface":"Know2Good"},
			"west":{"uv":[6,3,7,4],"texture":"#material","cullface":"Know2Good","rotation": 270},
			"east":{"uv":[10,3,11,4],"texture":"#material","cullface":"Know2Good","rotation": 90}
		}
	},
	{
		"type":"cube", //Middle top/bottom
		"from":[7.25,10.5,7.25],
		"to":[8.75,12.25,8.75],
		"rotation": {"origin": [ 8, 1, 8 ], "axis": "y", "angle": 0 },
		"faces": {
			"up":{"uv":[8,0,9,1],"texture":"#material","cullface":"Know2Good"},
			"down":{"uv":[8,0,9,1],"texture":"#material","cullface":"Know2Good"},
			"north":{"uv":[8,0,9,1],"texture":"#material","cullface":"Know2Good","rotation": 180},
			"south":{"uv":[8,0,9,1],"texture":"#material","cullface":"Know2Good"},
			"west":{"uv":[8,0,9,1],"texture":"#material","cullface":"Know2Good","rotation": 270},
			"east":{"uv":[8,0,9,1],"texture":"#material","cullface":"Know2Good","rotation": 90}
		}
	},
	{
		"type":"cube", //Middle-top north
		"from":[6.5,11,7],
		"to":[9.5,15,8],
		"rotation": {"origin": [ 8, 1, 8 ], "axis": "y", "angle": 0 },
		"faces": {
			"down":{"uv":[7,5,10,6],"texture":"#material","cullface":"Know2Good"},
			"up":{"uv":[7,2,10,3],"texture":"#material","cullface":"Know2Good"},
			"north":{"uv":[7,2,10,6],"texture":"#material","cullface":"Know2Good"},
			"south":{"uv":[7,2,10,6],"texture":"#material","cullface":"Know2Good"},
			"west":{"uv":[7,2,8,6],"texture":"#material","cullface":"Know2Good"},
			"east":{"uv":[9,2,10,6],"texture":"#material","cullface":"Know2Good"}
		}
	},
	{
		"type":"cube", //Middle-top east
		"from":[9.5,12,7.5],
		"to":[10.5,15,8.5],
		"rotation": {"origin": [ 8, 1, 8 ], "axis": "y", "angle": 0 },
		"faces": {
			"down":{"uv":[10,4,11,5],"texture":"#material","cullface":"Know2Good"},
			"up":{"uv":[10,2,11,3],"texture":"#material","cullface":"Know2Good"},
			"north":{"uv":[10,2,11,5],"texture":"#material","cullface":"Know2Good"},
			"south":{"uv":[10,2,11,5],"texture":"#material","cullface":"Know2Good"},
			"west":{"uv":[10,2,11,5],"texture":"#material","cullface":"Know2Good"},
			"east":{"uv":[10,2,11,5],"texture":"#material","cullface":"Know2Good"}
		}
	},
	{
		"type":"cube", //Middle-top east
		"from":[9.5,12,8.5],
		"to":[10.5,13,8.75],
		"rotation": {"origin": [ 8, 1, 8 ], "axis": "y", "angle": 0 },
		"faces": {
			"down":{"uv":[10,2,11,3],"texture":"#material","cullface":"Know2Good"},
			"up":{"uv":[10,2,11,3],"texture":"#material","cullface":"Know2Good"},
			"north":{"uv":[10,2,11,3],"texture":"#material","cullface":"Know2Good"},
			"south":{"uv":[10,2,11,3],"texture":"#material","cullface":"Know2Good"},
			"west":{"uv":[10,2,11,3],"texture":"#material","cullface":"Know2Good"},
			"east":{"uv":[10,2,11,3],"texture":"#material","cullface":"Know2Good"}
		}
	},
	{
		"type":"cube", //Middle-top west
		"from":[5.5,12,7.5],
		"to":[6.5,15,8.5],
		"rotation": {"origin": [ 8, 1, 8 ], "axis": "y", "angle": 0 },
		"faces": {
			"down":{"uv":[6,4,7,5],"texture":"#material","cullface":"Know2Good"},
			"up":{"uv":[6,2,7,3],"texture":"#material","cullface":"Know2Good"},
			"north":{"uv":[6,2,7,5],"texture":"#material","cullface":"Know2Good"},
			"south":{"uv":[6,2,7,5],"texture":"#material","cullface":"Know2Good"},
			"west":{"uv":[6,2,7,5],"texture":"#material","cullface":"Know2Good"},
			"east":{"uv":[6,2,7,5],"texture":"#material","cullface":"Know2Good"}
		}
	},
	{
		"type":"cube", //Middle-top west
		"from":[5.5,12,8.5],
		"to":[6.5,13,8.75],
		"rotation": {"origin": [ 8, 1, 8 ], "axis": "y", "angle": 0 },
		"faces": {
			"down":{"uv":[6,2,7,3],"texture":"#material","cullface":"Know2Good"},
			"up":{"uv":[6,2,7,3],"texture":"#material","cullface":"Know2Good"},
			"north":{"uv":[6,2,7,3],"texture":"#material","cullface":"Know2Good"},
			"south":{"uv":[6,2,7,3],"texture":"#material","cullface":"Know2Good"},
			"west":{"uv":[6,2,7,3],"texture":"#material","cullface":"Know2Good"},
			"east":{"uv":[6,2,7,3],"texture":"#material","cullface":"Know2Good"}
		}
	},
	{
		"type":"cube", //Top north
		"from":[6.5,15,7.25],
		"to":[9.5,16,7.75],
		"rotation": {"origin": [ 8, 1, 8 ], "axis": "y", "angle": 0 },
		"faces": {
			"down":{"uv":[5,3,8,4],"texture":"#material","cullface":"Know2Good"},
			"up":{"uv":[5,3,8,4],"texture":"#material","cullface":"Know2Good"},
			"north":{"uv":[5,3,8,4],"texture":"#material","cullface":"Know2Good","rotation":180},
			"south":{"uv":[5,3,8,4],"texture":"#material","cullface":"Know2Good"},
			"west":{"uv":[5,3,6,4],"texture":"#material","cullface":"Know2Good"},
			"east":{"uv":[7,3,8,4],"texture":"#material","cullface":"Know2Good"}
		}
	},
	{
		"type":"cube", //Top north
		"from":[7.5,15,7],
		"to":[8.5,16,7.25],
		"rotation": {"origin": [ 8, 1, 8 ], "axis": "y", "angle": 0 },
		"faces": {
			"down":{"uv":[6,3,7,4],"texture":"#material","cullface":"Know2Good"},
			"up":{"uv":[6,3,7,4],"texture":"#material","cullface":"Know2Good"},
			"north":{"uv":[6,3,7,4],"texture":"#material","cullface":"Know2Good","rotation":180},
			"south":{"uv":[6,3,7,4],"texture":"#material","cullface":"Know2Good"},
			"west":{"uv":[6,3,7,4],"texture":"#material","cullface":"Know2Good"},
			"east":{"uv":[7,3,8,4],"texture":"#material","cullface":"Know2Good"}
		}
	},
	{
		"type":"cube", //Top east
		"from":[9.5,15,7.5],
		"to":[10,15.5,8.25],
		"rotation": {"origin": [ 8, 1, 8 ], "axis": "y", "angle": 0 },
		"faces": {
			"down":{"uv":[10,4,11,5],"texture":"#material","cullface":"Know2Good"},
			"up":{"uv":[10,4,11,5],"texture":"#material","cullface":"Know2Good"},
			"north":{"uv":[10,4,11,5],"texture":"#material","cullface":"Know2Good"},
			"south":{"uv":[10,4,11,5],"texture":"#material","cullface":"Know2Good"},
			"west":{"uv":[10,4,11,5],"texture":"#material","cullface":"Know2Good"},
			"east":{"uv":[10,4,11,5],"texture":"#material","cullface":"Know2Good"}
		}
	},
	{
		"type":"cube", //Top west
		"from":[6,15,7.5],
		"to":[6.5,15.5,8.25],
		"rotation": {"origin": [ 8, 1, 8 ], "axis": "y", "angle": 0 },
		"faces": {
			"down":{"uv":[6,4,7,5],"texture":"#material","cullface":"Know2Good"},
			"up":{"uv":[6,4,7,5],"texture":"#material","cullface":"Know2Good"},
			"north":{"uv":[6,4,7,5],"texture":"#material","cullface":"Know2Good"},
			"south":{"uv":[6,4,7,5],"texture":"#material","cullface":"Know2Good"},
			"west":{"uv":[6,4,7,5],"texture":"#material","cullface":"Know2Good"},
			"east":{"uv":[6,4,7,5],"texture":"#material","cullface":"Know2Good"}
		}
	},
	{
		"type":"cube", //Handle
		"from":[6,1,7.5],
		"to":[10,2,8.5],
		"rotation": {"origin": [ 8, 1, 8 ], "axis": "y", "angle": 0 },
		"faces": {
			"down":{"uv":[10,15,14,16],"texture":"#stick","cullface":"Know2Good"},
			"up":{"uv":[10,15,14,16],"texture":"#stick","cullface":"Know2Good"},
			"north":{"uv":[10,15,14,16],"texture":"#stick","cullface":"Know2Good","rotation":180},
			"south":{"uv":[10,15,14,16],"texture":"#stick","cullface":"Know2Good"},
			"west":{"uv":[10,15,11,16],"texture":"#stick","cullface":"Know2Good"},
			"east":{"uv":[13,15,14,16],"texture":"#stick","cullface":"Know2Good"}
		}
	},
	{
		"type":"cube", //Handle detail
		"from":[7.25,0.75,7.25],
		"to":[8.75,2.25,8.75],
		"rotation": {"origin": [ 8, 1, 8 ], "axis": "y", "angle": 0 },
		"faces": {
			"down":{"uv":[12,15,13,16],"texture":"#stick","cullface":"Know2Good"},
			"up":{"uv":[12,15,13,16],"texture":"#stick","cullface":"Know2Good"},
			"north":{"uv":[12,15,13,16],"texture":"#stick","cullface":"Know2Good"},
			"south":{"uv":[12,15,13,16],"texture":"#stick","cullface":"Know2Good"},
			"west":{"uv":[12,15,13,16],"texture":"#stick","cullface":"Know2Good"},
			"east":{"uv":[12,15,13,16],"texture":"#stick","cullface":"Know2Good"}
		}
	},
	{
		"type":"cube", //Stick
		"from":[7.5,0,7.5],
		"to":[8.5,12,8.5],
		"rotation": {"origin": [ 8, 1, 8 ], "axis": "y", "angle": 0 },
		"faces": {
			"down":{"uv":[4,15,5,16],"texture":"#stick","cullface":"Know2Good"},
			"up":{"uv":[15,15,16,16],"texture":"#stick","cullface":"Know2Good"},
			"north":{"uv":[4,15,16,16],"texture":"#stick","cullface":"Know2Good","rotation":90},
			"south":{"uv":[4,15,16,16],"texture":"#stick","cullface":"Know2Good","rotation":90},
			"west":{"uv":[4,15,16,16],"texture":"#stick","cullface":"Know2Good","rotation":90},
			"east":{"uv":[4,15,16,16],"texture":"#stick","cullface":"Know2Good","rotation":90}
		}
	}
],
"display": {
	"thirdperson": {
		"rotation": [ 90, 90, 270 ],
		"translation": [ 0, 1, -3.5 ],
		"scale": [ 0.85, 0.85, 0.85 ]
	},
	"firstperson": {
		"rotation": [ 0, -45, 0 ],
		"translation": [ -2, 2, 2 ],
		"scale": [ 1.7, 1.7, 1.7 ]
	},
	"gui": {
		"rotation": [ 0, 180, 0 ],
		"translation": [ 0, -0.75, 0 ],
		"scale": [ 1.9, 1.5, 1.9 ]
	}
}
}