{
"__comment":"Made by Know2Good, part of the 'Default 3D™' resource pack || Official download page: http://www.planetminecraft.com/texture_pack/default-3d-2985741/ || © Know2Good. All rights reserved. ",
"textures": {
	"stick": "blocks/planks_oak",
	"material": "blocks/stone",
	"particle":"blocks/planks_oak"
},
"elements":[
	{
		"type":"cube", //Blade main
		"from":[7.5,6.5,7.5],
		"to":[8.5,15.5,8.5],
		"rotation": {"origin": [ 8, 1, 8 ], "axis": "y", "angle": 0 },
		"faces": {
			"down":{"uv":[6,15,7,16],"texture":"#material","cullface":"Know2Good"},
			"up":{"uv":[6,7,7,8],"texture":"#material","cullface":"Know2Good"},
			"north":{"uv":[6,7,7,16],"texture":"#material","cullface":"Know2Good"},
			"south":{"uv":[6,7,7,16],"texture":"#material","cullface":"Know2Good"},
			"west":{"uv":[6,7,7,16],"texture":"#material","cullface":"Know2Good"},
			"east":{"uv":[6,7,7,16],"texture":"#material","cullface":"Know2Good"}
		}
	},
	{
		"type":"cube", //Blade edges
		"from":[7,6.5,7.75],
		"to":[9,15.5,8.25],
		"rotation": {"origin": [ 8, 1, 8 ], "axis": "y", "angle": 0 },
		"faces": {
			"down":{"uv":[6,14,7,15],"texture":"#material","cullface":"Know2Good"},
			"up":{"uv":[6,6,7,7],"texture":"#material","cullface":"Know2Good"},
			"north":{"uv":[6,6,7,15],"texture":"#material","cullface":"Know2Good"},
			"south":{"uv":[6,6,7,15],"texture":"#material","cullface":"Know2Good"},
			"west":{"uv":[6,6,7,15],"texture":"#material","cullface":"Know2Good"},
			"east":{"uv":[6,6,7,15],"texture":"#material","cullface":"Know2Good"}
		}
	},
	{
		"type":"cube", //Blade point
		"from":[7.75,15.5,7.5],
		"to":[8.25,16.5,8.5],
		"rotation": {"origin": [ 8, 1, 8 ], "axis": "y", "angle": 0 },
		"faces": {
			"down":{"uv":[0,0,1,1],"texture":"#material","cullface":"Know2Good"},
			"up":{"uv":[0,0,1,1],"texture":"#material","cullface":"Know2Good"},
			"north":{"uv":[0,0,1,1],"texture":"#material","cullface":"Know2Good"},
			"south":{"uv":[0,0,1,1],"texture":"#material","cullface":"Know2Good"},
			"west":{"uv":[0,0,1,1],"texture":"#material","cullface":"Know2Good"},
			"east":{"uv":[0,0,1,1],"texture":"#material","cullface":"Know2Good"}
		}
	},
	{
		"type":"cube", //Blade point
		"from":[7.5,15.5,7.75],
		"to":[8.5,16.5,8.25],
		"rotation": {"origin": [ 8, 1, 8 ], "axis": "y", "angle": 0 },
		"faces": {
			"down":{"uv":[0,0,1,1],"texture":"#material","cullface":"Know2Good"},
			"up":{"uv":[0,0,1,1],"texture":"#material","cullface":"Know2Good"},
			"north":{"uv":[0,0,1,1],"texture":"#material","cullface":"Know2Good"},
			"south":{"uv":[0,0,1,1],"texture":"#material","cullface":"Know2Good"},
			"west":{"uv":[0,0,1,1],"texture":"#material","cullface":"Know2Good"},
			"east":{"uv":[0,0,1,1],"texture":"#material","cullface":"Know2Good"}
		}
	},
	{
		"type":"cube", //Blade point
		"from":[7.75,16.5,7.75],
		"to":[8.25,17,8.25],
		"rotation": {"origin": [ 8, 1, 8 ], "axis": "y", "angle": 0 },
		"faces": {
			"down":{"uv":[2,8,3,9],"texture":"#material","cullface":"Know2Good"},
			"up":{"uv":[2,8,3,9],"texture":"#material","cullface":"Know2Good"},
			"north":{"uv":[2,8,3,9],"texture":"#material","cullface":"Know2Good"},
			"south":{"uv":[2,8,3,9],"texture":"#material","cullface":"Know2Good"},
			"west":{"uv":[2,8,3,9],"texture":"#material","cullface":"Know2Good"},
			"east":{"uv":[2,8,3,9],"texture":"#material","cullface":"Know2Good"}
		}
	},
	{
		"type":"cube", //Guard east 
		"from":[9.5,6,7.25],
		"to":[10.75,7,8.75],
		"rotation": {"origin": [ 8, 1, 8 ], "axis": "y", "angle": 0 },
		"faces": {
			"down":{"uv":[6,2,7,3],"texture":"#material","cullface":"Know2Good"},
			"up":{"uv":[6,2,7,3],"texture":"#material","cullface":"Know2Good"},
			"north":{"uv":[6,2,7,3],"texture":"#material","cullface":"Know2Good"},
			"south":{"uv":[6,2,7,3],"texture":"#material","cullface":"Know2Good"},
			"west":{"uv":[6,2,7,3],"texture":"#material","cullface":"Know2Good"},
			"east":{"uv":[6,2,7,3],"texture":"#material","cullface":"Know2Good"}
		}
	},
	{
		"type":"cube", //Guard middle 
		"from":[6.5,5.5,7],
		"to":[9.5,6.5,9],
		"rotation": {"origin": [ 8, 1, 8 ], "axis": "y", "angle": 0 },
		"faces": {
			"down":{"uv":[3,2,6,3],"texture":"#material","cullface":"Know2Good"},
			"up":{"uv":[3,2,6,3],"texture":"#material","cullface":"Know2Good"},
			"north":{"uv":[3,2,6,3],"texture":"#material","cullface":"Know2Good","rotation": 180},
			"south":{"uv":[3,2,6,3],"texture":"#material","cullface":"Know2Good"},
			"west":{"uv":[3,2,4,3],"texture":"#material","cullface":"Know2Good","rotation": 270},
			"east":{"uv":[5,2,6,3],"texture":"#material","cullface":"Know2Good","rotation": 90}
		}
	},
	{
		"type":"cube", //Guard west 
		"from":[5.25,6,7.25],
		"to":[6.5,7,8.75],
		"rotation": {"origin": [ 8, 1, 8 ], "axis": "y", "angle": 0 },
		"faces": {
			"down":{"uv":[2,2,3,3],"texture":"#material","cullface":"Know2Good"},
			"up":{"uv":[2,2,3,3],"texture":"#material","cullface":"Know2Good"},
			"north":{"uv":[2,2,3,3],"texture":"#material","cullface":"Know2Good"},
			"south":{"uv":[2,2,3,3],"texture":"#material","cullface":"Know2Good"},
			"west":{"uv":[2,2,3,3],"texture":"#material","cullface":"Know2Good"},
			"east":{"uv":[2,2,3,3],"texture":"#material","cullface":"Know2Good"}
		}
	},
	{
		"type":"cube", //Pommel 
		"from":[7.25,0.75,7.25],
		"to":[8.75,2.25,8.75],
		"rotation": {"origin": [ 8, 1, 8 ], "axis": "y", "angle": 0 },
		"faces": {
			"down":{"uv":[3,2,4,3],"texture":"#material","cullface":"Know2Good"},
			"up":{"uv":[3,2,4,3],"texture":"#material","cullface":"Know2Good"},
			"north":{"uv":[3,2,4,3],"texture":"#material","cullface":"Know2Good","rotation": 180},
			"south":{"uv":[3,2,4,3],"texture":"#material","cullface":"Know2Good"},
			"west":{"uv":[3,2,4,3],"texture":"#material","cullface":"Know2Good","rotation": 270},
			"east":{"uv":[3,2,4,3],"texture":"#material","cullface":"Know2Good","rotation": 90}
		}
	},
	{
		"type":"cube", //Stick
		"from":[7.5,2,7.5],
		"to":[8.5,6,8.5],
		"rotation": {"origin": [ 8, 1, 8 ], "axis": "y", "angle": 0 },
		"faces": {
			"down":{"uv":[4,15,5,16],"texture":"#stick","cullface":"Know2Good"},
			"up":{"uv":[7,15,8,16],"texture":"#stick","cullface":"Know2Good"},
			"north":{"uv":[4,15,8,16],"texture":"#stick","cullface":"Know2Good","rotation":90},
			"south":{"uv":[4,15,8,16],"texture":"#stick","cullface":"Know2Good","rotation":90},
			"west":{"uv":[4,15,8,16],"texture":"#stick","cullface":"Know2Good","rotation":90},
			"east":{"uv":[4,15,8,16],"texture":"#stick","cullface":"Know2Good","rotation":90}
		}
	}
],
"display": {
	"thirdperson": {
		"rotation": [ 10, 90, 270 ],
		"translation": [ 0, 1, -3 ],
		"scale": [ 1, 1, 1 ]
	},
	"firstperson": {
		"rotation": [ 0, -135, 0 ],
		"translation": [ -2, 4, 2 ],
		"scale": [ 1.7, 1.7, 1.7 ]
	},
	"gui": {
		"rotation": [ 0, 0, 0 ],
		"translation": [ 0, -1, 0 ],
		"scale": [ 1.9, 1.6, 1.9 ]
	}
}
}