{
"__comment":"Made by Know2Good, part of the 'Default 3D™' resource pack || Official download page: http://www.planetminecraft.com/texture_pack/default-3d-2985741/ || © Know2Good. All rights reserved. ",
"ambientocclusion": false,
"textures": {
    "glass": "blocks/glass",
    "obsidian": "blocks/obsidian",
    "beacon": "blocks/beacon",
    "star": "custom/nether_star",
    "particle": "blocks/glass"
},
"elements":[
	{
		"type":"cube", //Leg north-west
		"from":[0,0,0],
		"to":[3,4,3],
		"rotation": {"origin": [ 8, 1, 8 ], "axis": "y", "angle": 0 },
		"faces": {
			"up":{"uv":[0,0,3,3],"texture":"#obsidian","cullface":"Know2Good"},
			"down":{"uv":[0,0,3,3],"texture":"#obsidian","cullface":"down","rotation": 270},
			"north":{"uv":[8,7,5,11],"texture":"#obsidian","cullface":"Know2Good","rotation": 180},
			"south":{"uv":[5,11,8,7],"texture":"#obsidian","cullface":"Know2Good"},
			"west":{"uv":[5,7,8,11],"texture":"#obsidian","cullface":"Know2Good","rotation": 180},
			"east":{"uv":[5,7,8,11],"texture":"#obsidian","cullface":"Know2Good","rotation": 180}
		}
	},
	{
		"type":"cube", //Leg north-east
		"from":[13,0,0],
		"to":[16,4,3],
		"rotation": {"origin": [ 8, 1, 8 ], "axis": "y", "angle": 0 },
		"faces": {
			"up":{"uv":[0,0,3,3],"texture":"#obsidian","cullface":"Know2Good","rotation": 90},
			"down":{"uv":[0,0,3,3],"texture":"#obsidian","cullface":"down","rotation": 180},
			"north":{"uv":[5,7,8,11],"texture":"#obsidian","cullface":"Know2Good","rotation": 180},
			"south":{"uv":[8,11,5,7],"texture":"#obsidian","cullface":"Know2Good"},
			"west":{"uv":[8,7,5,11],"texture":"#obsidian","cullface":"Know2Good","rotation": 180},
			"east":{"uv":[8,7,5,11],"texture":"#obsidian","cullface":"Know2Good","rotation": 180}
		}
	},
	{
		"type":"cube", //Leg south-east
		"from":[13,0,13],
		"to":[16,4,16],
		"rotation": {"origin": [ 8, 1, 8 ], "axis": "y", "angle": 0 },
		"faces": {
			"up":{"uv":[0,0,3,3],"texture":"#obsidian","cullface":"Know2Good","rotation": 180},
			"down":{"uv":[0,0,3,3],"texture":"#obsidian","cullface":"down","rotation": 90},
			"north":{"uv":[8,7,5,11],"texture":"#obsidian","cullface":"Know2Good","rotation": 180},
			"south":{"uv":[5,11,8,7],"texture":"#obsidian","cullface":"Know2Good"},
			"west":{"uv":[5,7,8,11],"texture":"#obsidian","cullface":"Know2Good","rotation": 180},
			"east":{"uv":[5,7,8,11],"texture":"#obsidian","cullface":"Know2Good","rotation": 180}
		}
	},
	{
		"type":"cube", //Leg south-west
		"from":[0,0,13],
		"to":[3,4,16],
		"rotation": {"origin": [ 8, 1, 8 ], "axis": "y", "angle": 0 },
		"faces": {
			"up":{"uv":[0,0,3,3],"texture":"#obsidian","cullface":"Know2Good","rotation": 270},
			"down":{"uv":[0,0,3,3],"texture":"#obsidian","cullface":"down"},
			"north":{"uv":[5,7,8,11],"texture":"#obsidian","cullface":"Know2Good","rotation": 180},
			"south":{"uv":[8,11,5,7],"texture":"#obsidian","cullface":"Know2Good"},
			"west":{"uv":[8,7,5,11],"texture":"#obsidian","cullface":"Know2Good","rotation": 180},
			"east":{"uv":[8,7,5,11],"texture":"#obsidian","cullface":"Know2Good","rotation": 180}
		}
	},
	{
		"type":"cube", //Obsidian base bottom north
		"from":[3,1,1],
		"to":[13,2,2],
		"rotation": {"origin": [ 8, 1, 8 ], "axis": "y", "angle": 0 },
		"faces": {
			"up":{"uv":[3,0,13,1],"texture":"#obsidian","cullface":"Know2Good"},
			"down":{"uv":[3,0,13,1],"texture":"#obsidian","cullface":"Know2Good"},
			"north":{"uv":[3,0,13,1],"texture":"#obsidian","cullface":"Know2Good","rotation": 180},
			"south":{"uv":[3,0,13,1],"texture":"#obsidian","cullface":"Know2Good"}
		}
	},
	{
		"type":"cube", //Obsidian base bottom east
		"from":[14,1,3],
		"to":[15,2,13],
		"rotation": {"origin": [ 8, 1, 8 ], "axis": "y", "angle": 0 },
		"faces": {
			"up":{"uv":[15,3,16,13],"texture":"#obsidian","cullface":"Know2Good"},
			"down":{"uv":[15,3,16,13],"texture":"#obsidian","cullface":"Know2Good"},
			"west":{"uv":[15,3,16,13],"texture":"#obsidian","cullface":"Know2Good","rotation": 270},
			"east":{"uv":[15,3,16,13],"texture":"#obsidian","cullface":"Know2Good","rotation": 90}
		}
	},
	{
		"type":"cube", //Obsidian base bottom south
		"from":[3,1,14],
		"to":[13,2,15],
		"rotation": {"origin": [ 8, 1, 8 ], "axis": "y", "angle": 0 },
		"faces": {
			"up":{"uv":[3,15,13,16],"texture":"#obsidian","cullface":"Know2Good"},
			"down":{"uv":[3,15,13,16],"texture":"#obsidian","cullface":"Know2Good"},
			"north":{"uv":[3,15,13,16],"texture":"#obsidian","cullface":"Know2Good","rotation": 180},
			"south":{"uv":[3,15,13,16],"texture":"#obsidian","cullface":"Know2Good"}
		}
	},
	{
		"type":"cube", //Obsidian base bottom west
		"from":[1,1,3],
		"to":[2,2,13],
		"rotation": {"origin": [ 8, 1, 8 ], "axis": "y", "angle": 0 },
		"faces": {
			"up":{"uv":[0,3,1,13],"texture":"#obsidian","cullface":"Know2Good"},
			"down":{"uv":[0,3,1,13],"texture":"#obsidian","cullface":"Know2Good"},
			"west":{"uv":[0,3,1,13],"texture":"#obsidian","cullface":"Know2Good","rotation": 270},
			"east":{"uv":[0,3,1,13],"texture":"#obsidian","cullface":"Know2Good","rotation": 90}
		}
	},
	{
		"type":"cube", //Base middle
		"from":[2,2,2],
		"to":[14,3,14],
		"rotation": {"origin": [ 8, 1, 8 ], "axis": "y", "angle": 0 },
		"faces": {
			"up":{"uv":[2,2,14,14],"texture":"#beacon","cullface":"Know2Good"},
			"down":{"uv":[2,2,14,14],"texture":"#obsidian","cullface":"Know2Good"},
			"north":{"uv":[2,2,14,3],"texture":"#beacon","cullface":"Know2Good","rotation": 180},
			"south":{"uv":[2,13,14,14],"texture":"#beacon","cullface":"Know2Good"},
			"west":{"uv":[2,2,3,14],"texture":"#beacon","cullface":"Know2Good","rotation": 270},
			"east":{"uv":[13,2,14,14],"texture":"#beacon","cullface":"Know2Good","rotation": 90}
		}
	},
	{
		"type":"cube", //Obsidian base top north
		"from":[3,3,1],
		"to":[13,4,2],
		"rotation": {"origin": [ 8, 1, 8 ], "axis": "y", "angle": 0 },
		"faces": {
			"up":{"uv":[3,15,13,16],"texture":"#obsidian","cullface":"Know2Good"},
			"down":{"uv":[3,15,13,16],"texture":"#obsidian","cullface":"Know2Good"},
			"north":{"uv":[3,15,13,16],"texture":"#obsidian","cullface":"Know2Good","rotation": 180},
			"south":{"uv":[3,15,13,16],"texture":"#obsidian","cullface":"Know2Good"}
		}
	},
	{
		"type":"cube", //Obsidian base top east
		"from":[14,3,3],
		"to":[15,4,13],
		"rotation": {"origin": [ 8, 1, 8 ], "axis": "y", "angle": 0 },
		"faces": {
			"up":{"uv":[0,3,1,13],"texture":"#obsidian","cullface":"Know2Good"},
			"down":{"uv":[0,3,1,13],"texture":"#obsidian","cullface":"Know2Good"},
			"west":{"uv":[0,3,1,13],"texture":"#obsidian","cullface":"Know2Good","rotation": 270},
			"east":{"uv":[0,3,1,13],"texture":"#obsidian","cullface":"Know2Good","rotation": 90}
		}
	},
	{
		"type":"cube", //Obsidian base top south
		"from":[3,3,14],
		"to":[13,4,15],
		"rotation": {"origin": [ 8, 1, 8 ], "axis": "y", "angle": 0 },
		"faces": {
			"up":{"uv":[3,0,13,1],"texture":"#obsidian","cullface":"Know2Good"},
			"down":{"uv":[3,0,13,1],"texture":"#obsidian","cullface":"Know2Good"},
			"north":{"uv":[3,0,13,1],"texture":"#obsidian","cullface":"Know2Good","rotation": 180},
			"south":{"uv":[3,0,13,1],"texture":"#obsidian","cullface":"Know2Good"}
		}
	},
	{
		"type":"cube", //Obsidian base top west
		"from":[1,3,3],
		"to":[2,4,13],
		"rotation": {"origin": [ 8, 1, 8 ], "axis": "y", "angle": 0 },
		"faces": {
			"up":{"uv":[15,3,16,13],"texture":"#obsidian","cullface":"Know2Good"},
			"down":{"uv":[15,3,16,13],"texture":"#obsidian","cullface":"Know2Good"},
			"west":{"uv":[15,3,16,13],"texture":"#obsidian","cullface":"Know2Good","rotation": 270},
			"east":{"uv":[15,3,16,13],"texture":"#obsidian","cullface":"Know2Good","rotation": 90}
		}
	},
	{
		"type":"cube", //Obsidian support north-west 1
		"from":[1,4,2],
		"to":[2,14,3],
		"rotation": {"origin": [ 8, 1, 8 ], "axis": "y", "angle": 0 },
		"faces": {
			"up":{"uv":[0,0,1,1],"texture":"#obsidian","cullface":"Know2Good"},
			"north":{"uv":[0,0,1,10],"texture":"#obsidian","cullface":"Know2Good"},
			"south":{"uv":[0,0,1,10],"texture":"#obsidian","cullface":"Know2Good"},
			"west":{"uv":[0,0,1,10],"texture":"#obsidian","cullface":"Know2Good"},
			"east":{"uv":[0,0,1,10],"texture":"#obsidian","cullface":"Know2Good"}
		}
	},
	{
		"type":"cube", //Obsidian support north-west 2
		"from":[2,4,1],
		"to":[3,14,2],
		"rotation": {"origin": [ 8, 1, 8 ], "axis": "y", "angle": 0 },
		"faces": {
			"up":{"uv":[15,0,16,1],"texture":"#obsidian","cullface":"Know2Good"},
			"north":{"uv":[15,0,16,10],"texture":"#obsidian","cullface":"Know2Good"},
			"south":{"uv":[15,0,16,10],"texture":"#obsidian","cullface":"Know2Good"},
			"west":{"uv":[15,0,16,10],"texture":"#obsidian","cullface":"Know2Good"},
			"east":{"uv":[15,0,16,10],"texture":"#obsidian","cullface":"Know2Good"}
		}
	},
	{
		"type":"cube", //Obsidian support north-east 1
		"from":[13,4,1],
		"to":[14,14,2],
		"rotation": {"origin": [ 8, 1, 8 ], "axis": "y", "angle": 0 },
		"faces": {
			"up":{"uv":[0,0,1,1],"texture":"#obsidian","cullface":"Know2Good"},
			"north":{"uv":[0,0,1,10],"texture":"#obsidian","cullface":"Know2Good"},
			"south":{"uv":[0,0,1,10],"texture":"#obsidian","cullface":"Know2Good"},
			"west":{"uv":[0,0,1,10],"texture":"#obsidian","cullface":"Know2Good"},
			"east":{"uv":[0,0,1,10],"texture":"#obsidian","cullface":"Know2Good"}
		}
	},
	{
		"type":"cube", //Obsidian support north-east 2
		"from":[14,4,2],
		"to":[15,14,3],
		"rotation": {"origin": [ 8, 1, 8 ], "axis": "y", "angle": 0 },
		"faces": {
			"up":{"uv":[15,0,16,1],"texture":"#obsidian","cullface":"Know2Good"},
			"north":{"uv":[15,0,16,10],"texture":"#obsidian","cullface":"Know2Good"},
			"south":{"uv":[15,0,16,10],"texture":"#obsidian","cullface":"Know2Good"},
			"west":{"uv":[15,0,16,10],"texture":"#obsidian","cullface":"Know2Good"},
			"east":{"uv":[15,0,16,10],"texture":"#obsidian","cullface":"Know2Good"}
		}
	},
	{
		"type":"cube", //Obsidian support south-east 1
		"from":[14,4,13],
		"to":[15,14,14],
		"rotation": {"origin": [ 8, 1, 8 ], "axis": "y", "angle": 0 },
		"faces": {
			"up":{"uv":[0,0,1,1],"texture":"#obsidian","cullface":"Know2Good"},
			"north":{"uv":[0,0,1,10],"texture":"#obsidian","cullface":"Know2Good"},
			"south":{"uv":[0,0,1,10],"texture":"#obsidian","cullface":"Know2Good"},
			"west":{"uv":[0,0,1,10],"texture":"#obsidian","cullface":"Know2Good"},
			"east":{"uv":[0,0,1,10],"texture":"#obsidian","cullface":"Know2Good"}
		}
	},
	{
		"type":"cube", //Obsidian support south-east 2
		"from":[13,4,14],
		"to":[14,14,15],
		"rotation": {"origin": [ 8, 1, 8 ], "axis": "y", "angle": 0 },
		"faces": {
			"up":{"uv":[15,0,16,1],"texture":"#obsidian","cullface":"up"},
			"north":{"uv":[15,0,16,10],"texture":"#obsidian","cullface":"Know2Good"},
			"south":{"uv":[15,0,16,10],"texture":"#obsidian","cullface":"Know2Good"},
			"west":{"uv":[15,0,16,10],"texture":"#obsidian","cullface":"Know2Good"},
			"east":{"uv":[15,0,16,10],"texture":"#obsidian","cullface":"Know2Good"}
		}
	},
	{
		"type":"cube", //Obsidian support south-west 1
		"from":[2,4,14],
		"to":[3,14,15],
		"rotation": {"origin": [ 8, 1, 8 ], "axis": "y", "angle": 0 },
		"faces": {
			"up":{"uv":[0,0,1,1],"texture":"#obsidian","cullface":"Know2Good"},
			"north":{"uv":[0,0,1,10],"texture":"#obsidian","cullface":"Know2Good"},
			"south":{"uv":[0,0,1,10],"texture":"#obsidian","cullface":"Know2Good"},
			"west":{"uv":[0,0,1,10],"texture":"#obsidian","cullface":"Know2Good"},
			"east":{"uv":[0,0,1,10],"texture":"#obsidian","cullface":"Know2Good"}
		}
	},
	{
		"type":"cube", //Obsidian support south-west 2
		"from":[1,4,13],
		"to":[2,14,14],
		"rotation": {"origin": [ 8, 1, 8 ], "axis": "y", "angle": 0 },
		"faces": {
			"up":{"uv":[15,0,16,1],"texture":"#obsidian","cullface":"Know2Good"},
			"north":{"uv":[15,0,16,10],"texture":"#obsidian","cullface":"Know2Good"},
			"south":{"uv":[15,0,16,10],"texture":"#obsidian","cullface":"Know2Good"},
			"west":{"uv":[15,0,16,10],"texture":"#obsidian","cullface":"Know2Good"},
			"east":{"uv":[15,0,16,10],"texture":"#obsidian","cullface":"Know2Good"}
		}
	},
	{
		"type":"cube", //Obsidian top north  1
		"from":[3,14,1],
		"to":[13,15,2],
		"rotation": {"origin": [ 8, 1, 8 ], "axis": "y", "angle": 0 },
		"faces": {
			"up":{"uv":[3,0,13,1],"texture":"#obsidian","cullface":"Know2Good"},
			"down":{"uv":[3,0,13,1],"texture":"#obsidian","cullface":"Know2Good"},
			"north":{"uv":[3,0,13,1],"texture":"#obsidian","cullface":"Know2Good","rotation": 180},
			"south":{"uv":[3,0,13,1],"texture":"#obsidian","cullface":"Know2Good"},
			"west":{"uv":[3,0,4,1],"texture":"#obsidian","cullface":"Know2Good"},
			"east":{"uv":[12,0,13,1],"texture":"#obsidian","cullface":"Know2Good"}
		}
	},
	{
		"type":"cube", //Obsidian top north 2
		"from":[3,15,2],
		"to":[13,16,3],
		"rotation": {"origin": [ 8, 1, 8 ], "axis": "y", "angle": 0 },
		"faces": {
			"up":{"uv":[3,15,13,16],"texture":"#obsidian","cullface":"Know2Good"},
			"down":{"uv":[3,15,13,16],"texture":"#obsidian","cullface":"Know2Good"},
			"north":{"uv":[3,15,13,16],"texture":"#obsidian","cullface":"Know2Good","rotation": 180},
			"south":{"uv":[3,15,13,16],"texture":"#obsidian","cullface":"Know2Good"},
			"west":{"uv":[3,15,4,16],"texture":"#obsidian","cullface":"Know2Good"},
			"east":{"uv":[12,15,13,16],"texture":"#obsidian","cullface":"Know2Good"}
		}
	},
	{
		"type":"cube", //Obsidian top east 1
		"from":[14,14,3],
		"to":[15,15,13],
		"rotation": {"origin": [ 8, 1, 8 ], "axis": "y", "angle": 0 },
		"faces": {
			"up":{"uv":[15,3,16,13],"texture":"#obsidian","cullface":"Know2Good"},
			"down":{"uv":[15,3,16,13],"texture":"#obsidian","cullface":"Know2Good"},
			"north":{"uv":[15,3,16,4],"texture":"#obsidian","cullface":"Know2Good","rotation": 180},
			"south":{"uv":[15,12,16,13],"texture":"#obsidian","cullface":"Know2Good"},
			"west":{"uv":[15,3,16,13],"texture":"#obsidian","cullface":"Know2Good","rotation": 270},
			"east":{"uv":[15,3,16,13],"texture":"#obsidian","cullface":"Know2Good","rotation": 90}
		}
	},
	{
		"type":"cube", //Obsidian top east 2
		"from":[13,15,3],
		"to":[14,16,13],
		"rotation": {"origin": [ 8, 1, 8 ], "axis": "y", "angle": 0 },
		"faces": {
			"up":{"uv":[0,3,1,13],"texture":"#obsidian","cullface":"Know2Good"},
			"down":{"uv":[0,3,1,13],"texture":"#obsidian","cullface":"Know2Good"},
			"north":{"uv":[0,3,1,4],"texture":"#obsidian","cullface":"Know2Good","rotation": 180},
			"south":{"uv":[0,12,1,13],"texture":"#obsidian","cullface":"Know2Good"},
			"west":{"uv":[0,3,1,13],"texture":"#obsidian","cullface":"Know2Good","rotation": 270},
			"east":{"uv":[0,3,1,13],"texture":"#obsidian","cullface":"Know2Good","rotation": 90}
		}
	},
	{
		"type":"cube", //Obsidian top south 1
		"from":[3,14,14],
		"to":[13,15,15],
		"rotation": {"origin": [ 8, 1, 8 ], "axis": "y", "angle": 0 },
		"faces": {
			"up":{"uv":[3,15,13,16],"texture":"#obsidian","cullface":"Know2Good"},
			"down":{"uv":[3,15,13,16],"texture":"#obsidian","cullface":"Know2Good"},
			"north":{"uv":[3,15,13,16],"texture":"#obsidian","cullface":"Know2Good","rotation": 180},
			"south":{"uv":[3,15,13,16],"texture":"#obsidian","cullface":"Know2Good"},
			"west":{"uv":[3,15,4,16],"texture":"#obsidian","cullface":"Know2Good"},
			"east":{"uv":[12,15,13,16],"texture":"#obsidian","cullface":"Know2Good"}
		}
	},
	{
		"type":"cube", //Obsidian top south 2
		"from":[3,15,13],
		"to":[13,16,14],
		"rotation": {"origin": [ 8, 1, 8 ], "axis": "y", "angle": 0 },
		"faces": {
			"up":{"uv":[3,0,13,1],"texture":"#obsidian","cullface":"Know2Good"},
			"down":{"uv":[3,0,13,1],"texture":"#obsidian","cullface":"Know2Good"},
			"north":{"uv":[3,0,13,1],"texture":"#obsidian","cullface":"Know2Good","rotation": 180},
			"south":{"uv":[3,0,13,1],"texture":"#obsidian","cullface":"Know2Good"},
			"west":{"uv":[3,0,4,1],"texture":"#obsidian","cullface":"Know2Good"},
			"east":{"uv":[12,0,13,1],"texture":"#obsidian","cullface":"Know2Good"}
		}
	},
	{
		"type":"cube", //Obsidian top west 1
		"from":[1,14,3],
		"to":[2,15,13],
		"rotation": {"origin": [ 8, 1, 8 ], "axis": "y", "angle": 0 },
		"faces": {
			"up":{"uv":[0,3,1,13],"texture":"#obsidian","cullface":"Know2Good"},
			"down":{"uv":[0,3,1,13],"texture":"#obsidian","cullface":"Know2Good"},
			"north":{"uv":[0,3,1,4],"texture":"#obsidian","cullface":"Know2Good","rotation": 180},
			"south":{"uv":[0,12,1,13],"texture":"#obsidian","cullface":"Know2Good"},
			"west":{"uv":[0,3,1,13],"texture":"#obsidian","cullface":"Know2Good","rotation": 270},
			"east":{"uv":[0,3,1,13],"texture":"#obsidian","cullface":"Know2Good","rotation": 90}
		}
	},
	{
		"type":"cube", //Obsidian top west 2
		"from":[2,15,3],
		"to":[3,16,13],
		"rotation": {"origin": [ 8, 1, 8 ], "axis": "y", "angle": 0 },
		"faces": {
			"up":{"uv":[15,3,16,13],"texture":"#obsidian","cullface":"Know2Good"},
			"down":{"uv":[15,3,16,13],"texture":"#obsidian","cullface":"Know2Good"},
			"north":{"uv":[15,3,16,4],"texture":"#obsidian","cullface":"Know2Good","rotation": 180},
			"south":{"uv":[15,12,16,13],"texture":"#obsidian","cullface":"Know2Good"},
			"west":{"uv":[15,3,16,13],"texture":"#obsidian","cullface":"Know2Good","rotation": 270},
			"east":{"uv":[15,3,16,13],"texture":"#obsidian","cullface":"Know2Good","rotation": 90}
		}
	},
	{
		"type":"cube", //Obsidian top detail north-west
		"from":[2,14,2],
		"to":[3,15,3],
		"rotation": {"origin": [ 8, 1, 8 ], "axis": "y", "angle": 0 },
		"faces": {
			"up":{"uv":[4,4,5,5],"texture":"#beacon","cullface":"Know2Good"},
			"down":{"uv":[0,0,1,1],"texture":"#obsidian","cullface":"Know2Good"},
			"north":{"uv":[4,4,5,5],"texture":"#beacon","cullface":"Know2Good","rotation": 180},
			"south":{"uv":[0,0,1,1],"texture":"#obsidian","cullface":"Know2Good"},
			"west":{"uv":[4,4,5,5],"texture":"#beacon","cullface":"Know2Good","rotation": 270},
			"east":{"uv":[0,0,1,1],"texture":"#obsidian","cullface":"Know2Good","rotation": 90}
		}
	},
	{
		"type":"cube", //Obsidian top detail north-east
		"from":[13,14,2],
		"to":[14,15,3],
		"rotation": {"origin": [ 8, 1, 8 ], "axis": "y", "angle": 0 },
		"faces": {
			"up":{"uv":[4,4,5,5],"texture":"#beacon","cullface":"Know2Good"},
			"down":{"uv":[0,0,1,1],"texture":"#obsidian","cullface":"Know2Good"},
			"north":{"uv":[4,4,5,5],"texture":"#beacon","cullface":"Know2Good","rotation": 180},
			"south":{"uv":[0,0,1,1],"texture":"#obsidian","cullface":"Know2Good"},
			"west":{"uv":[0,0,1,1],"texture":"#obsidian","cullface":"Know2Good","rotation": 270},
			"east":{"uv":[4,4,5,5],"texture":"#beacon","cullface":"Know2Good","rotation": 90}
		}
	},
	{
		"type":"cube", //Obsidian top detail south-east
		"from":[13,14,13],
		"to":[14,15,14],
		"rotation": {"origin": [ 8, 1, 8 ], "axis": "y", "angle": 0 },
		"faces": {
			"up":{"uv":[4,4,5,5],"texture":"#beacon","cullface":"Know2Good"},
			"down":{"uv":[0,0,1,1],"texture":"#obsidian","cullface":"Know2Good"},
			"north":{"uv":[0,0,1,1],"texture":"#obsidian","cullface":"Know2Good","rotation": 180},
			"south":{"uv":[4,4,5,5],"texture":"#beacon","cullface":"Know2Good"},
			"west":{"uv":[0,0,1,1],"texture":"#obsidian","cullface":"Know2Good","rotation": 270},
			"east":{"uv":[4,4,5,5],"texture":"#beacon","cullface":"Know2Good","rotation": 90}
		}
	},
	{
		"type":"cube", //Obsidian top detail south-west
		"from":[2,14,13],
		"to":[3,15,14],
		"rotation": {"origin": [ 8, 1, 8 ], "axis": "y", "angle": 0 },
		"faces": {
			"up":{"uv":[4,4,5,5],"texture":"#beacon","cullface":"Know2Good"},
			"down":{"uv":[0,0,1,1],"texture":"#obsidian","cullface":"Know2Good"},
			"north":{"uv":[0,0,1,1],"texture":"#obsidian","cullface":"Know2Good","rotation": 180},
			"south":{"uv":[4,4,5,5],"texture":"#beacon","cullface":"Know2Good"},
			"west":{"uv":[4,4,5,5],"texture":"#beacon","cullface":"Know2Good","rotation": 270},
			"east":{"uv":[0,0,1,1],"texture":"#obsidian","cullface":"Know2Good","rotation": 90}
		}
	},
	{
		"type":"cube", //Star cross part 1
		"from":[5.5,7,8],
		"to":[10.5,12,8],
		"rotation": {"origin": [ 8, 8, 8 ], "axis": "y", "angle": 45, "rescale": true },
        "shade": false,
		"faces": {
			"north":{"uv":[0,0,16,16],"texture":"#star","cullface":"Know2Good"},
			"south":{"uv":[0,0,16,16],"texture":"#star","cullface":"Know2Good"}
		}
	},
	{
		"type":"cube", //Star cross part 2
		"from":[8,7,5.5],
		"to":[8,12,10.5],
		"rotation": {"origin": [ 8, 8, 8 ], "axis": "y", "angle": 45, "rescale": true },
        "shade": false,
		"faces": {
			"west":{"uv":[0,0,16,16],"texture":"#star","cullface":"Know2Good"},
			"east":{"uv":[0,0,16,16],"texture":"#star","cullface":"Know2Good"}
		}
	},
	{
		"type":"cube", //Glass
		"from":[2,4,2],
		"to":[14,15,14],
		"rotation": {"origin": [ 8, 1, 8 ], "axis": "y", "angle": 0 },
		"faces": {
			"up":{"uv":[2,1,14,13],"texture":"#glass","cullface":"Know2Good","rotation":90},
			"north":{"uv":[4,2,16,14],"texture":"#glass","cullface":"Know2Good"},
			"south":{"uv":[4,2,16,14],"texture":"#glass","cullface":"Know2Good"},
			"west":{"uv":[4,2,16,14],"texture":"#glass","cullface":"Know2Good"},
			"east":{"uv":[4,2,16,14],"texture":"#glass","cullface":"Know2Good"}
		}
	}
],
"display": {
	"thirdperson": {
		"rotation": [ 0, 45, 1 ],
		"translation": [ 0, 0.5, 0 ],
		"scale": [ 1.1, 1.1, 1.1 ]
	},
	"firstperson": {
		"rotation": [ 0, 0, 0 ],
		"translation": [ 0, 0, 0 ],
		"scale": [ 1, 1, 1 ]
	},
	"gui": {
		"rotation": [ 0, 0, 0 ],
		"translation": [ 0, 0, 0 ],
		"scale": [ 1, 1, 1 ]
	}
}
}