{
"__comment":"Made by Know2Good, part of the 'Default 3D™' resource pack || Official download page: http://www.planetminecraft.com/texture_pack/default-3d-2985741/ || © Know2Good. All rights reserved. ",
"textures": {
	"block": "blocks/planks_acacia",
	"particle":"blocks/planks_acacia"
},
"elements":[
	{
		"type":"cube", //The inner block 
		"from":[0,8,0],
		"to":[16,16,16],
		"rotation": {"origin": [ 8, 1, 8 ], "axis": "y", "angle": 0 },
		"faces": {
			"down":{"uv":[0,0,16,16],"texture":"#block","cullface":"down"},
			"up":{"uv":[0,0,16,16],"texture":"#block","cullface":"Know2Good"},
			"north":{"uv":[0,0,16,8],"texture":"#block","cullface":"north"},
			"south":{"uv":[0,0,16,8],"texture":"#block","cullface":"south"},
			"west":{"uv":[0,0,16,8],"texture":"#block","cullface":"west"},
			"east":{"uv":[0,0,16,8],"texture":"#block","cullface":"east"}
		}
	},
	{
		"type":"cube", //The inner block 
		"from":[0,0,0],
		"to":[8,8,16],
		"rotation": {"origin": [ 8, 1, 8 ], "axis": "y", "angle": 0 },
		"faces": {
			"down":{"uv":[0,0,8,16],"texture":"#block","cullface":"down"},
			"north":{"uv":[8,8,16,16],"texture":"#block","cullface":"north"},
			"south":{"uv":[0,8,8,16],"texture":"#block","cullface":"south"},
			"west":{"uv":[0,8,16,16],"texture":"#block","cullface":"west"},
			"east":{"uv":[0,8,16,16],"texture":"#block","cullface":"Know2Good"}
		}
	},
	{
		"type":"cube", //Top plank 1
		"from":[0.001,16,0.001],
		"to":[14.999,16.3,2.999],
		"rotation": {"origin": [ 8, 1, 8 ], "axis": "y", "angle": 0 },
		"faces": {
			"up":{"uv":[0,0,15,3],"texture":"#block","cullface":"up"},
			"north":{"uv":[0,0,15,1],"texture":"#block","cullface":"up","rotation":180},
			"south":{"uv":[0,2,15,3],"texture":"#block","cullface":"up"},
			"west":{"uv":[0,0,1,3],"texture":"#block","cullface":"up","rotation":90},
			"east":{"uv":[14,0,15,3],"texture":"#block","cullface":"up","rotation":90}
		}
	},
	{
		"type":"cube", //Top plank 2.1
		"from":[0.001,16,4.001],
		"to":[6.999,16.20,6.999],
		"rotation": {"origin": [ 8, 1, 8 ], "axis": "y", "angle": 0 },
		"faces": {
			"up":{"uv":[0,4,7,7],"texture":"#block","cullface":"up"},
			"north":{"uv":[0,4,7,5],"texture":"#block","cullface":"up","rotation":180},
			"south":{"uv":[0,6,7,7],"texture":"#block","cullface":"up"},
			"west":{"uv":[0,4,1,7],"texture":"#block","cullface":"up","rotation":90},
			"east":{"uv":[6,4,7,7],"texture":"#block","cullface":"up","rotation":90}
		}
	},
	{
		"type":"cube", //Top plank 2.2
		"from":[8.001,16,4.001],
		"to":[15.999,16.20,6.999],
		"rotation": {"origin": [ 8, 1, 8 ], "axis": "y", "angle": 0 },
		"faces": {
			"up":{"uv":[8,4,16,7],"texture":"#block","cullface":"up"},
			"north":{"uv":[8,4,16,5],"texture":"#block","cullface":"up","rotation":180},
			"south":{"uv":[8,6,16,7],"texture":"#block","cullface":"up"},
			"west":{"uv":[8,4,9,7],"texture":"#block","cullface":"up","rotation":270},
			"east":{"uv":[15,4,16,7],"texture":"#block","cullface":"up","rotation":90}
		}
	},
	{
		"type":"cube", //Top plank 3
		"from":[0.001,16,8.001],
		"to":[14.999,16.27,10.999],
		"rotation": {"origin": [ 8, 1, 8 ], "axis": "y", "angle": 0 },
		"faces": {
			"up":{"uv":[0,8,15,11],"texture":"#block","cullface":"up"},
			"north":{"uv":[0,8,15,9],"texture":"#block","cullface":"up","rotation":180},
			"south":{"uv":[0,10,15,11],"texture":"#block","cullface":"up"},
			"west":{"uv":[0,8,1,11],"texture":"#block","cullface":"up","rotation":90},
			"east":{"uv":[14,8,15,11],"texture":"#block","cullface":"up","rotation":90}
		}
	},
	{
		"type":"cube", //Top plank 4.1
		"from":[0.001,16,12.001],
		"to":[6.999,16.23,14.999],
		"rotation": {"origin": [ 8, 1, 8 ], "axis": "y", "angle": 0 },
		"faces": {
			"up":{"uv":[0,12,7,15],"texture":"#block","cullface":"up"},
			"north":{"uv":[0,12,7,13],"texture":"#block","cullface":"up","rotation":180},
			"south":{"uv":[0,14,7,15],"texture":"#block","cullface":"up"},
			"west":{"uv":[0,12,1,15],"texture":"#block","cullface":"up","rotation":90},
			"east":{"uv":[6,12,7,15],"texture":"#block","cullface":"up","rotation":90}
		}
	},
	{
		"type":"cube", //Top plank 4.2
		"from":[8.001,16,12.001],
		"to":[15.999,16.23,14.999],
		"rotation": {"origin": [ 8, 1, 8 ], "axis": "y", "angle": 0 },
		"faces": {
			"up":{"uv":[8,12,16,15],"texture":"#block","cullface":"up"},
			"north":{"uv":[8,12,16,13],"texture":"#block","cullface":"up","rotation":180},
			"south":{"uv":[8,14,16,15],"texture":"#block","cullface":"up"},
			"west":{"uv":[8,12,9,15],"texture":"#block","cullface":"up","rotation":270},
			"east":{"uv":[15,12,16,15],"texture":"#block","cullface":"up","rotation":90}
		}
	},
	{
		"type":"cube", //North plank 1
		"from":[1.001,13.001,-0.3],
		"to":[15.999,15.999,0],
		"rotation": {"origin": [ 8, 1, 8 ], "axis": "y", "angle": 0 },
		"faces": {
			"up":{"uv":[0,0,15,1],"texture":"#block","cullface":"north","rotation":180},
			"down":{"uv":[0,2,15,3],"texture":"#block","cullface":"north","rotation":180},
			"north":{"uv":[0,0,15,3],"texture":"#block","cullface":"north"},
			"west":{"uv":[14,0,15,3],"texture":"#block","cullface":"north"},
			"east":{"uv":[0,0,1,3],"texture":"#block","cullface":"north"}
		}
	},
	{
		"type":"cube", //North plank 2.1
		"from":[9.001,9.001,-0.20],
		"to":[15.999,11.999,0],
		"rotation": {"origin": [ 8, 1, 8 ], "axis": "y", "angle": 0 },
		"faces": {
			"up":{"uv":[0,4,7,5],"texture":"#block","cullface":"north","rotation":180},
			"down":{"uv":[0,6,7,7],"texture":"#block","cullface":"north","rotation":180},
			"north":{"uv":[0,4,7,7],"texture":"#block","cullface":"north"},
			"west":{"uv":[6,4,7,7],"texture":"#block","cullface":"north"},
			"east":{"uv":[0,4,1,7],"texture":"#block","cullface":"north"}
		}
	},
	{
		"type":"cube", //North plank 2.2
		"from":[0.001,9.001,-0.20],
		"to":[7.999,11.999,0],
		"rotation": {"origin": [ 8, 1, 8 ], "axis": "y", "angle": 0 },
		"faces": {
			"up":{"uv":[8,4,16,5],"texture":"#block","cullface":"north","rotation":180},
			"down":{"uv":[8,6,16,7],"texture":"#block","cullface":"north","rotation":180},
			"north":{"uv":[8,4,16,7],"texture":"#block","cullface":"north"},
			"west":{"uv":[15,4,16,7],"texture":"#block","cullface":"north"},
			"east":{"uv":[8,4,9,7],"texture":"#block","cullface":"north"}
		}
	},
	{
		"type":"cube", //North plank 3
		"from":[1.001,5.001,-0.27],
		"to":[7.999,7.999,0],
		"rotation": {"origin": [ 8, 1, 8 ], "axis": "y", "angle": 0 },
		"faces": {
			"up":{"uv":[8,8,15,9],"texture":"#block","cullface":"north","rotation":180},
			"down":{"uv":[8,10,15,11],"texture":"#block","cullface":"north","rotation":180},
			"north":{"uv":[8,8,15,11],"texture":"#block","cullface":"north"},
			"west":{"uv":[14,8,15,11],"texture":"#block","cullface":"north"},
			"east":{"uv":[8,8,9,11],"texture":"#block","cullface":"north"}
		}
	},
	{
		"type":"cube", //North plank 4.2
		"from":[0.001,1.001,-0.23],
		"to":[7.999,3.999,0],
		"rotation": {"origin": [ 8, 1, 8 ], "axis": "y", "angle": 0 },
		"faces": {
			"up":{"uv":[8,12,16,13],"texture":"#block","cullface":"north","rotation":180},
			"down":{"uv":[8,14,16,15],"texture":"#block","cullface":"north","rotation":180},
			"north":{"uv":[8,12,16,15],"texture":"#block","cullface":"north"},
			"west":{"uv":[15,12,16,15],"texture":"#block","cullface":"north"},
			"east":{"uv":[8,12,9,15],"texture":"#block","cullface":"north"}
		}
	},
	{
		"type":"cube", //East plank 1
		"from":[16,13.001,1.001],
		"to":[16.3,15.999,15.999],
		"rotation": {"origin": [ 8, 1, 8 ], "axis": "y", "angle": 0 },
		"faces": {
			"up":{"uv":[0,0,15,1],"texture":"#block","cullface":"east","rotation":270},
			"down":{"uv":[0,2,15,3],"texture":"#block","cullface":"east","rotation":90},
			"east":{"uv":[0,0,15,3],"texture":"#block","cullface":"east"},
			"north":{"uv":[14,0,15,3],"texture":"#block","cullface":"east"},
			"south":{"uv":[0,0,1,3],"texture":"#block","cullface":"east"}
		}
	},
	{
		"type":"cube", //East plank 2.1
		"from":[16,9.001,9.001],
		"to":[16.20,11.999,15.999],
		"rotation": {"origin": [ 8, 1, 8 ], "axis": "y", "angle": 0 },
		"faces": {
			"up":{"uv":[0,4,7,5],"texture":"#block","cullface":"east","rotation":270},
			"down":{"uv":[0,6,7,7],"texture":"#block","cullface":"east","rotation":90},
			"east":{"uv":[0,4,7,7],"texture":"#block","cullface":"east"},
			"north":{"uv":[6,4,7,7],"texture":"#block","cullface":"east"},
			"south":{"uv":[0,4,1,7],"texture":"#block","cullface":"east"}
		}
	},
	{
		"type":"cube", //East plank 2.2
		"from":[16,9.001,0.001],
		"to":[16.20,11.999,7.999],
		"rotation": {"origin": [ 8, 1, 8 ], "axis": "y", "angle": 0 },
		"faces": {
			"up":{"uv":[8,4,16,5],"texture":"#block","cullface":"east","rotation":270},
			"down":{"uv":[8,6,16,7],"texture":"#block","cullface":"east","rotation":90},
			"east":{"uv":[8,4,16,7],"texture":"#block","cullface":"east"},
			"north":{"uv":[15,4,16,7],"texture":"#block","cullface":"east"},
			"south":{"uv":[8,4,9,7],"texture":"#block","cullface":"east"}
		}
	},
	{
		"type":"cube", //East plank 3
		"from":[8,5.001,1.001],
		"to":[8.27,7.999,15.999],
		"rotation": {"origin": [ 8, 1, 8 ], "axis": "y", "angle": 0 },
		"faces": {
			"up":{"uv":[0,8,15,9],"texture":"#block","cullface":"Know2Good","rotation":270},
			"down":{"uv":[0,10,15,11],"texture":"#block","cullface":"Know2Good","rotation":90},
			"east":{"uv":[0,8,15,11],"texture":"#block","cullface":"Know2Good"},
			"north":{"uv":[14,8,15,11],"texture":"#block","cullface":"Know2Good"},
			"south":{"uv":[0,8,1,11],"texture":"#block","cullface":"Know2Good"}
		}
	},
	{
		"type":"cube", //East plank 4.1
		"from":[8,1.001,9.001],
		"to":[8.23,3.999,15.999],
		"rotation": {"origin": [ 8, 1, 8 ], "axis": "y", "angle": 0 },
		"faces": {
			"up":{"uv":[0,12,7,13],"texture":"#block","cullface":"Know2Good","rotation":270},
			"down":{"uv":[0,14,7,15],"texture":"#block","cullface":"Know2Good","rotation":90},
			"east":{"uv":[0,12,7,15],"texture":"#block","cullface":"Know2Good"},
			"north":{"uv":[6,12,7,15],"texture":"#block","cullface":"Know2Good"},
			"south":{"uv":[0,12,1,15],"texture":"#block","cullface":"Know2Good"}
		}
	},
	{
		"type":"cube", //East plank 4.2
		"from":[8,1.001,0.001],
		"to":[8.23,3.999,7.999],
		"rotation": {"origin": [ 8, 1, 8 ], "axis": "y", "angle": 0 },
		"faces": {
			"up":{"uv":[8,12,16,13],"texture":"#block","cullface":"Know2Good","rotation":270},
			"down":{"uv":[8,14,16,15],"texture":"#block","cullface":"Know2Good","rotation":90},
			"east":{"uv":[8,12,16,15],"texture":"#block","cullface":"Know2Good"},
			"north":{"uv":[15,12,16,15],"texture":"#block","cullface":"Know2Good"},
			"south":{"uv":[8,12,9,15],"texture":"#block","cullface":"Know2Good"}
		}
	},
	{
		"type":"cube", //South plank 1
		"from":[0.001,13.001,16],
		"to":[14.999,15.999,16.3],
		"rotation": {"origin": [ 8, 1, 8 ], "axis": "y", "angle": 0 },
		"faces": {
			"up":{"uv":[0,0,15,1],"texture":"#block","cullface":"south"},
			"down":{"uv":[0,2,15,3],"texture":"#block","cullface":"south"},
			"south":{"uv":[0,0,15,3],"texture":"#block","cullface":"south"},
			"west":{"uv":[0,0,1,3],"texture":"#block","cullface":"south"},
			"east":{"uv":[14,0,15,3],"texture":"#block","cullface":"south"}
		}
	},
	{
		"type":"cube", //South plank 2.1
		"from":[0.001,9.001,16],
		"to":[6.999,11.999,16.20],
		"rotation": {"origin": [ 8, 1, 8 ], "axis": "y", "angle": 0 },
		"faces": {
			"up":{"uv":[8,4,16,5],"texture":"#block","cullface":"south"},
			"down":{"uv":[8,6,16,7],"texture":"#block","cullface":"south"},
			"south":{"uv":[8,4,16,7],"texture":"#block","cullface":"south"},
			"west":{"uv":[8,4,9,7],"texture":"#block","cullface":"south"},
			"east":{"uv":[15,4,16,7],"texture":"#block","cullface":"south"}
		}
	},
	{
		"type":"cube", //South plank 2.2
		"from":[8.001,9.001,16],
		"to":[15.999,11.999,16.20],
		"rotation": {"origin": [ 8, 1, 8 ], "axis": "y", "angle": 0 },
		"faces": {
			"up":{"uv":[8,12,16,13],"texture":"#block","cullface":"south"},
			"down":{"uv":[8,14,16,15],"texture":"#block","cullface":"south"},
			"south":{"uv":[8,12,16,15],"texture":"#block","cullface":"south"},
			"west":{"uv":[8,12,9,15],"texture":"#block","cullface":"south"},
			"east":{"uv":[15,12,16,15],"texture":"#block","cullface":"south"}
		}
	},
	{
		"type":"cube", //South plank 3
		"from":[0.001,5.001,16],
		"to":[7.999,7.999,16.27],
		"rotation": {"origin": [ 8, 1, 8 ], "axis": "y", "angle": 0 },
		"faces": {
			"up":{"uv":[0,8,8,9],"texture":"#block","cullface":"south"},
			"down":{"uv":[0,10,8,11],"texture":"#block","cullface":"south"},
			"south":{"uv":[0,8,8,11],"texture":"#block","cullface":"south"},
			"west":{"uv":[0,8,1,11],"texture":"#block","cullface":"south"},
			"east":{"uv":[7,8,8,11],"texture":"#block","cullface":"south"}
		}
	},
	{
		"type":"cube", //South plank 4.1
		"from":[0.001,1.001,16],
		"to":[6.999,3.999,16.23],
		"rotation": {"origin": [ 8, 1, 8 ], "axis": "y", "angle": 0 },
		"faces": {
			"up":{"uv":[0,12,7,13],"texture":"#block","cullface":"south"},
			"down":{"uv":[0,14,7,15],"texture":"#block","cullface":"south"},
			"south":{"uv":[0,12,7,15],"texture":"#block","cullface":"south"},
			"west":{"uv":[0,12,1,15],"texture":"#block","cullface":"south"},
			"east":{"uv":[6,12,7,15],"texture":"#block","cullface":"south"}
		}
	},
	{
		"type":"cube", //West plank 1
		"from":[-0.3,13.001,0.001],
		"to":[0,15.999,14.999],
		"rotation": {"origin": [ 8, 1, 8 ], "axis": "y", "angle": 0 },
		"faces": {
			"up":{"uv":[0,0,15,1],"texture":"#block","cullface":"west","rotation":90},
			"down":{"uv":[0,2,15,3],"texture":"#block","cullface":"west","rotation":270},
			"west":{"uv":[0,0,15,3],"texture":"#block","cullface":"west"},
			"north":{"uv":[0,0,1,3],"texture":"#block","cullface":"west"},
			"south":{"uv":[14,0,15,3],"texture":"#block","cullface":"west"}
		}
	},
	{
		"type":"cube", //West plank 2.1
		"from":[-0.20,9.001,0.001],
		"to":[0,11.999,6.999],
		"rotation": {"origin": [ 8, 1, 8 ], "axis": "y", "angle": 0 },
		"faces": {
			"up":{"uv":[0,4,7,5],"texture":"#block","cullface":"west","rotation":90},
			"down":{"uv":[0,6,7,7],"texture":"#block","cullface":"west","rotation":270},
			"west":{"uv":[0,4,7,7],"texture":"#block","cullface":"west"},
			"north":{"uv":[0,4,1,7],"texture":"#block","cullface":"west"},
			"south":{"uv":[6,4,7,7],"texture":"#block","cullface":"west"}
		}
	},
	{
		"type":"cube", //West plank 2.2
		"from":[-0.20,9.001,8.001],
		"to":[0,11.999,15.999],
		"rotation": {"origin": [ 8, 1, 8 ], "axis": "y", "angle": 0 },
		"faces": {
			"up":{"uv":[8,4,16,5],"texture":"#block","cullface":"west","rotation":90},
			"down":{"uv":[8,6,16,7],"texture":"#block","cullface":"west","rotation":270},
			"west":{"uv":[8,4,16,7],"texture":"#block","cullface":"west"},
			"north":{"uv":[8,4,9,7],"texture":"#block","cullface":"west"},
			"south":{"uv":[15,4,16,7],"texture":"#block","cullface":"west"}
		}
	},
	{
		"type":"cube", //West plank 3
		"from":[-0.27,5.001,0.001],
		"to":[0,7.999,14.999],
		"rotation": {"origin": [ 8, 1, 8 ], "axis": "y", "angle": 0 },
		"faces": {
			"up":{"uv":[0,8,15,9],"texture":"#block","cullface":"west","rotation":90},
			"down":{"uv":[0,10,15,11],"texture":"#block","cullface":"west","rotation":270},
			"west":{"uv":[0,8,15,11],"texture":"#block","cullface":"west"},
			"north":{"uv":[0,8,1,11],"texture":"#block","cullface":"west"},
			"south":{"uv":[14,8,15,11],"texture":"#block","cullface":"west"}
		}
	},
	{
		"type":"cube", //West plank 4.1
		"from":[-0.23,1.001,0.001],
		"to":[0,3.999,6.999],
		"rotation": {"origin": [ 8, 1, 8 ], "axis": "y", "angle": 0 },
		"faces": {
			"up":{"uv":[0,12,7,13],"texture":"#block","cullface":"west","rotation":90},
			"down":{"uv":[0,14,7,15],"texture":"#block","cullface":"west","rotation":270},
			"west":{"uv":[0,12,7,15],"texture":"#block","cullface":"west"},
			"north":{"uv":[0,12,1,15],"texture":"#block","cullface":"west"},
			"south":{"uv":[6,12,7,15],"texture":"#block","cullface":"west"}
		}
	},
	{
		"type":"cube", //West plank 4.2
		"from":[-0.23,1.001,8.001],
		"to":[0,3.999,15.999],
		"rotation": {"origin": [ 8, 1, 8 ], "axis": "y", "angle": 0 },
		"faces": {
			"up":{"uv":[8,12,16,13],"texture":"#block","cullface":"west","rotation":90},
			"down":{"uv":[8,14,16,15],"texture":"#block","cullface":"west","rotation":270},
			"west":{"uv":[8,12,16,15],"texture":"#block","cullface":"west"},
			"north":{"uv":[8,12,9,15],"texture":"#block","cullface":"west"},
			"south":{"uv":[15,12,16,15],"texture":"#block","cullface":"west"}
		}
	},
	{
		"type":"cube", //Bottom plank 1.1
		"from":[0.001,-0.23,1.001],
		"to":[6.999,0,3.999],
		"rotation": {"origin": [ 8, 1, 8 ], "axis": "y", "angle": 0 },
		"faces": {
			"down":{"uv":[0,12,7,15],"texture":"#block","cullface":"down"},
			"north":{"uv":[0,14,7,15],"texture":"#block","cullface":"down","rotation":180},
			"south":{"uv":[0,12,7,13],"texture":"#block","cullface":"down"},
			"west":{"uv":[0,12,1,15],"texture":"#block","cullface":"down","rotation":90},
			"east":{"uv":[6,12,7,15],"texture":"#block","cullface":"down","rotation":90}
		}
	},
	{
		"type":"cube", //Bottom plank 1.2
		"from":[8.001,7.77,1.001],
		"to":[15.999,8,3.999],
		"rotation": {"origin": [ 8, 1, 8 ], "axis": "y", "angle": 0 },
		"faces": {
			"down":{"uv":[8,12,16,15],"texture":"#block","cullface":"Know2Good"},
			"north":{"uv":[8,14,16,15],"texture":"#block","cullface":"Know2Good","rotation":180},
			"south":{"uv":[8,12,16,13],"texture":"#block","cullface":"Know2Good"},
			"west":{"uv":[8,12,9,15],"texture":"#block","cullface":"Know2Good","rotation":90},
			"east":{"uv":[15,12,16,15],"texture":"#block","cullface":"Know2Good","rotation":90}
		}
	},
	{
		"type":"cube", //Bottom plank 2.1
		"from":[0.001,-0.27,5.001],
		"to":[7.999,0,7.999],
		"rotation": {"origin": [ 8, 1, 8 ], "axis": "y", "angle": 0 },
		"faces": {
			"down":{"uv":[0,8,8,11],"texture":"#block","cullface":"down"},
			"north":{"uv":[0,10,8,11],"texture":"#block","cullface":"down","rotation":180},
			"south":{"uv":[0,8,8,9],"texture":"#block","cullface":"down"},
			"west":{"uv":[0,8,1,11],"texture":"#block","cullface":"down","rotation":90},
			"east":{"uv":[7,8,8,11],"texture":"#block","cullface":"down","rotation":90}
		}
	},
	{
		"type":"cube", //Bottom plank 2.2
		"from":[8,7.73,5.001],
		"to":[14.999,8,7.999],
		"rotation": {"origin": [ 8, 1, 8 ], "axis": "y", "angle": 0 },
		"faces": {
			"down":{"uv":[8,8,15,11],"texture":"#block","cullface":"Know2Good"},
			"north":{"uv":[8,10,15,11],"texture":"#block","cullface":"Know2Good","rotation":180},
			"south":{"uv":[8,8,15,9],"texture":"#block","cullface":"Know2Good"},
			"west":{"uv":[8,8,9,11],"texture":"#block","cullface":"Know2Good","rotation":90},
			"east":{"uv":[14,8,15,11],"texture":"#block","cullface":"Know2Good","rotation":90}
		}
	},
	{
		"type":"cube", //Bottom plank 3.1
		"from":[0.001,-0.20,9.001],
		"to":[6.999,0,11.999],
		"rotation": {"origin": [ 8, 1, 8 ], "axis": "y", "angle": 0 },
		"faces": {
			"down":{"uv":[0,4,7,7],"texture":"#block","cullface":"down"},
			"north":{"uv":[0,6,7,7],"texture":"#block","cullface":"down","rotation":180},
			"south":{"uv":[0,4,7,5],"texture":"#block","cullface":"down"},
			"west":{"uv":[0,4,1,7],"texture":"#block","cullface":"down","rotation":90},
			"east":{"uv":[6,4,7,7],"texture":"#block","cullface":"down","rotation":90}
		}
	},
	{
		"type":"cube", //Bottom plank 3.2
		"from":[8.001,7.80,9.001],
		"to":[15.999,8,11.999],
		"rotation": {"origin": [ 8, 1, 8 ], "axis": "y", "angle": 0 },
		"faces": {
			"down":{"uv":[8,4,16,7],"texture":"#block","cullface":"Know2Good"},
			"north":{"uv":[8,6,16,7],"texture":"#block","cullface":"Know2Good","rotation":180},
			"south":{"uv":[8,4,16,5],"texture":"#block","cullface":"Know2Good"},
			"west":{"uv":[8,4,9,7],"texture":"#block","cullface":"Know2Good","rotation":90},
			"east":{"uv":[15,4,16,7],"texture":"#block","cullface":"Know2Good","rotation":90}
		}
	},
	{
		"type":"cube", //Bottom plank 4.1
		"from":[0.001,-0.3,13.001],
		"to":[7.999,0,15.999],
		"rotation": {"origin": [ 8, 1, 8 ], "axis": "y", "angle": 0 },
		"faces": {
			"down":{"uv":[0,0,8,3],"texture":"#block","cullface":"down"},
			"north":{"uv":[0,2,8,3],"texture":"#block","cullface":"down","rotation":180},
			"south":{"uv":[0,0,8,1],"texture":"#block","cullface":"down"},
			"west":{"uv":[7,0,8,3],"texture":"#block","cullface":"down","rotation":90},
			"east":{"uv":[14,0,15,3],"texture":"#block","cullface":"down","rotation":90}
		}
	},
	{
		"type":"cube", //Bottom plank 4.2
		"from":[8,7.70,13.001],
		"to":[14.999,8,15.999],
		"rotation": {"origin": [ 8, 1, 8 ], "axis": "y", "angle": 0 },
		"faces": {
			"down":{"uv":[8,0,15,3],"texture":"#block","cullface":"Know2Good"},
			"north":{"uv":[8,2,15,3],"texture":"#block","cullface":"Know2Good","rotation":180},
			"south":{"uv":[8,0,15,1],"texture":"#block","cullface":"Know2Good"},
			"west":{"uv":[8,0,9,3],"texture":"#block","cullface":"Know2Good","rotation":90},
			"east":{"uv":[14,0,15,3],"texture":"#block","cullface":"Know2Good","rotation":90}
		}
	}
],
"display": {
	"thirdperson": {
		"rotation": [ 0, 45, 1 ],
		"translation": [ 0, 0.5, 0 ],
		"scale": [ 1.1, 1.1, 1.1 ]
	},
	"firstperson": {
		"rotation": [ 0, 0, 0 ],
		"translation": [ 0, 0, 0 ],
		"scale": [ 1, 1, 1 ]
	},
	"gui": {
		"rotation": [ 0, 0, 0 ],
		"translation": [ 0, 0, 0 ],
		"scale": [ 1, 1, 1 ]
	}
}
}