{
"__comment":"Made by Know2Good, part of the 'Default 3D™' resource pack || Official download page: http://www.planetminecraft.com/texture_pack/default-3d-2985741/ || © 2014 Know2Good. All rights reserved. ",
"textures": {
	"block": "blocks/cobblestone_mossy",
	"particle":"blocks/cobblestone_mossy"
},
"elements":[
	{
		"type":"cube", //Bottom pad
		"from":[2,0,5],
		"to":[14,1,11],
		"rotation": {"origin": [ 8, 1, 8 ], "axis": "y", "angle": 0 },
		"faces": {
			"down":{"uv":[2,5,14,11],"texture":"#block","cullface":"Know2Good"},
			"up":{"uv":[2,5,14,11],"texture":"#block","cullface":"Know2Good"},			
			"north":{"uv":[2,5,14,6],"texture":"#block","cullface":"Know2Good","rotation":180},
			"south":{"uv":[2,10,14,11],"texture":"#block","cullface":"Know2Good"},
			"west":{"uv":[2,5,3,11],"texture":"#block","cullface":"Know2Good","rotation":270},
			"east":{"uv":[13,5,14,11],"texture":"#block","cullface":"Know2Good","rotation":90}
		}
	},
	{
		"type":"cube", //Bottom block
		"from":[3,1,6],
		"to":[13,3,10],
		"rotation": {"origin": [ 8, 1, 8 ], "axis": "y", "angle": 0 },
		"faces": {
			"up":{"uv":[3,6,13,10],"texture":"#block","cullface":"Know2Good"},			
			"north":{"uv":[13,6,3,8],"texture":"#block","cullface":"Know2Good"},
			"south":{"uv":[3,10,13,8],"texture":"#block","cullface":"Know2Good"},
			"west":{"uv":[5,6,3,10],"texture":"#block","cullface":"Know2Good","rotation":270},
			"east":{"uv":[13,6,11,10],"texture":"#block","cullface":"Know2Good","rotation":90}
		}
	},
	{
		"type":"cube", //Plate
		"from":[4,3,7],
		"to":[12,14,9],
		"rotation": {"origin": [ 8, 1, 8 ], "axis": "y", "angle": 0 },
		"faces": {
			"up":{"uv":[12,3,4,5],"texture":"#block","cullface":"Know2Good"},
			"north":{"uv":[4,3,12,14],"texture":"#block","cullface":"Know2Good"},
			"south":{"uv":[12,3,4,14],"texture":"#block","cullface":"Know2Good"},
			"west":{"uv":[12,3,10,14],"texture":"#block","cullface":"Know2Good"},
			"east":{"uv":[6,3,4,14],"texture":"#block","cullface":"Know2Good"}
		}
	},
	{
		"type":"cube", //Plate top
		"from":[5,14,7],
		"to":[11,15,9],
		"rotation": {"origin": [ 8, 1, 8 ], "axis": "y", "angle": 0 },
		"faces": {
			"up":{"uv":[11,2,5,4],"texture":"#block","cullface":"Know2Good"},
			"north":{"uv":[5,2,11,3],"texture":"#block","cullface":"Know2Good"},
			"south":{"uv":[11,2,5,3],"texture":"#block","cullface":"Know2Good"},
			"west":{"uv":[11,2,9,3],"texture":"#block","cullface":"Know2Good"},
			"east":{"uv":[7,2,5,3],"texture":"#block","cullface":"Know2Good"}
		}
	}
],
"display": {
    "thirdperson": {
        "rotation": [ 0, 90, 1 ],
        "translation": [ 0, -0.5, 0 ],
        "scale": [ 1.4, 1.4, 1.4 ]
    },
	"firstperson": {
		"rotation": [ 0, 90, 0 ],
		"translation": [ 0, 0, 0 ],
		"scale": [ 1.4, 1.4, 1.4 ]
	},
	"gui": {
		"rotation": [ 0, 0, 0 ],
		"translation": [ 0, 0, 0 ],
		"scale": [ 1.4, 1.4, 1.4 ]
	}
}
}